_id,state_id,division_id,parliament_id,assembly_id,party_id,year_id,candidate_id,total_electors,total_votes,margin,margin_percentage,created_by,assembly_no,poll_percentage,type
68bac639ff370da694e2630a,6825c30edbda2b3debc751ff,685fd281267d3d01c364e627,68887d5a2c5282412771db41,68876e3f6382aed3fb206575,68316363fb08f1710d17d2d5,68774476dff1e9c4616e78dc,688777c776bc0350acbf566d,219889,176896,41710,0.236,684ab4dce856ee7729dde255,1,0.804,GEN
68bac639ff370da694e2630d,6825c30edbda2b3debc751ff,685fd281267d3d01c364e627,68887d5a2c5282412771db41,68876e3f6382aed3fb206575,6823469b436f44ab6db3154e,6877446edff1e9c4616e78d9,6895a419e35251fb74323a58,211106,156475,16427,0.105,684ab4dce856ee7729dde255,1,0.741,GEN
68bac639ff370da694e2630e,6825c30edbda2b3debc751ff,685fd281267d3d01c364e627,68887d5a2c5282412771db41,68876e3f6382aed3fb206576,68316363fb08f1710d17d2d5,6877446edff1e9c4616e78d9,688777c776bc0350acbf566e,206706,150634,2149,0.014,684ab4dce856ee7729dde255,2,0.729,GEN
68bac639ff370da694e26311,6825c30edbda2b3debc751ff,685fd281267d3d01c364e627,68887d5a2c5282412771db41,68876e3f6382aed3fb206576,6823469b436f44ab6db3154e,68774476dff1e9c4616e78dc,68931c8328b5a7a16727034a,216146,171712,2840,0.017,684ab4dce856ee7729dde255,2,0.794,GEN
68bac639ff370da694e26314,6825c30edbda2b3debc751ff,685fd281267d3d01c364e627,68887d5a2c5282412771db41,68876e3f6382aed3fb206577,68316363fb08f1710d17d2d5,68774476dff1e9c4616e78dc,68931c8328b5a7a1672702d3,198515,152376,8737,0.057,684ab4dce856ee7729dde255,3,0.768,GEN
68bac639ff370da694e26315,6825c30edbda2b3debc751ff,685fd281267d3d01c364e627,68887d5a2c5282412771db41,68876e3f6382aed3fb206577,6823469b436f44ab6db3154e,6877446edff1e9c4616e78d9,6895b201e35251fb74323c1b,189924,134396,22504,0.167,684ab4dce856ee7729dde255,3,0.708,GEN
68bac639ff370da694e26318,6825c30edbda2b3debc751ff,685fd281267d3d01c364e627,68887d5a2c5282412771db41,68876e3f6382aed3fb206578,68316363fb08f1710d17d2d5,68774476dff1e9c4616e78dc,68931c8328b5a7a1672702d4,226588,162748,15173,0.093,684ab4dce856ee7729dde255,4,0.718,GEN
68bac639ff370da694e26319,6825c30edbda2b3debc751ff,685fd281267d3d01c364e627,68887d5a2c5282412771db41,68876e3f6382aed3fb206578,6823469b436f44ab6db3154e,6877446edff1e9c4616e78d9,68baacbf39ec0f7cddda03eb,216510,145457,2498,0.017,684ab4dce856ee7729dde255,4,0.672,GEN
68bac639ff370da694e2631c,6825c30edbda2b3debc751ff,685fd281267d3d01c364e627,68887d5a2c5282412771db41,68876e3f6382aed3fb206579,68316363fb08f1710d17d2d5,68774476dff1e9c4616e78dc,68931c8328b5a7a1672702cb,230217,158281,13313,0.084,684ab4dce856ee7729dde255,5,0.688,GEN
68bac639ff370da694e2631d,6825c30edbda2b3debc751ff,685fd281267d3d01c364e627,68887d5a2c5282412771db41,68876e3f6382aed3fb206579,6823469b436f44ab6db3154e,6877446edff1e9c4616e78d9,6895a419e35251fb74323a62,217710,153654,14076,0.092,684ab4dce856ee7729dde255,5,0.706,GEN
68bac639ff370da694e26320,6825c30edbda2b3debc751ff,685fd281267d3d01c364e627,68887d5a2c5282412771db41,68876e3f6382aed3fb20657a,68316363fb08f1710d17d2d5,68774476dff1e9c4616e78dc,68931c8328b5a7a16727032f,252598,150037,20849,0.139,684ab4dce856ee7729dde255,6,0.594,GEN
68bac639ff370da694e26321,6825c30edbda2b3debc751ff,685fd281267d3d01c364e627,68887d5a2c5282412771db41,68876e3f6382aed3fb20657a,6823469b436f44ab6db3154e,6877446edff1e9c4616e78d9,6895b201e35251fb74323c1c,238306,140027,1704,0.012,684ab4dce856ee7729dde255,6,0.588,GEN
68bac639ff370da694e26324,6825c30edbda2b3debc751ff,685fd281267d3d01c364e627,68887d5a2c5282412771db41,68876e3f6382aed3fb20657b,68316363fb08f1710d17d2d5,68774476dff1e9c4616e78dc,68931c8328b5a7a1672702f1,202285,140933,18477,0.131,684ab4dce856ee7729dde255,7,0.697,GEN
68bac639ff370da694e26325,6825c30edbda2b3debc751ff,685fd281267d3d01c364e627,68887d5a2c5282412771db41,68876e3f6382aed3fb20657b,6872515c33ac34cbce8afc98,6877446edff1e9c4616e78d9,6895b201e35251fb74323c1d,190550,124021,2106,0.017,684ab4dce856ee7729dde255,7,0.651,GEN
68bac639ff370da694e26328,6825c30edbda2b3debc751ff,685fd281267d3d01c364e627,68887d5a2c5282412771db41,68876e3f6382aed3fb20657c,68316363fb08f1710d17d2d5,68774476dff1e9c4616e78dc,68931c8328b5a7a167270305,206777,123661,7547,0.061,684ab4dce856ee7729dde255,8,0.598,SC
68bac639ff370da694e26329,6825c30edbda2b3debc751ff,685fd281267d3d01c364e627,68887d5a2c5282412771db41,68876e3f6382aed3fb20657c,6872515c33ac34cbce8afc98,6877446edff1e9c4616e78d9,6895a419e35251fb743239ba,195862,110064,11288,0.103,684ab4dce856ee7729dde255,8,0.562,SC
68bac639ff370da694e2632c,6825c30edbda2b3debc751ff,685fd257267d3d01c364e5f5,68887d5a2c5282412771db42,68876e3f6382aed3fb20657d,6823469b436f44ab6db3154e,68774476dff1e9c4616e78dc,68931c8328b5a7a1672702d1,211291,135433,4978,0.037,684ab4dce856ee7729dde255,9,0.641,GEN
68bac639ff370da694e2632d,6825c30edbda2b3debc751ff,685fd257267d3d01c364e5f5,68887d5a2c5282412771db42,68876e3f6382aed3fb20657d,68316363fb08f1710d17d2d5,6877446edff1e9c4616e78d9,6895a419e35251fb743239be,195207,112663,11426,0.101,684ab4dce856ee7729dde255,9,0.577,GEN
68bac639ff370da694e2632e,6825c30edbda2b3debc751ff,685fd257267d3d01c364e5f5,68887d5a2c5282412771db42,68876e3f6382aed3fb20657e,6823469b436f44ab6db3154e,6877446edff1e9c4616e78d9,688777c776bc0350acbf5676,222954,124442,5993,0.048,684ab4dce856ee7729dde255,10,0.558,GEN
68bac639ff370da694e26331,6825c30edbda2b3debc751ff,685fd257267d3d01c364e5f5,68887d5a2c5282412771db42,68876e3f6382aed3fb20657e,6872515c33ac34cbce8afc98,68774476dff1e9c4616e78dc,68931c8328b5a7a167270349,247069,146980,35896,0.244,684ab4dce856ee7729dde255,10,0.595,GEN
68bac639ff370da694e26334,6825c30edbda2b3debc751ff,685fd257267d3d01c364e5f5,68887d5a2c5282412771db42,68876e3f6382aed3fb20657f,68316363fb08f1710d17d2d5,6877446edff1e9c4616e78d9,68931c8328b5a7a1672702ea,222330,144255,6273,0.043,684ab4dce856ee7729dde255,11,0.649,GEN
68bac639ff370da694e26335,6825c30edbda2b3debc751ff,685fd257267d3d01c364e5f5,68887d5a2c5282412771db42,68876e3f6382aed3fb20657f,68316363fb08f1710d17d2d5,68774476dff1e9c4616e78dc,68931c8328b5a7a1672702ea,240172,154500,9073,0.059,684ab4dce856ee7729dde255,11,0.643,GEN
68bac639ff370da694e26338,6825c30edbda2b3debc751ff,685fd257267d3d01c364e5f5,68887d5a2c5282412771db42,68876e3f6382aed3fb206580,68316363fb08f1710d17d2d5,68774476dff1e9c4616e78dc,68931c8328b5a7a167270322,250218,162127,25814,0.159,684ab4dce856ee7729dde255,12,0.648,GEN
68bac639ff370da694e26339,6825c30edbda2b3debc751ff,685fd257267d3d01c364e5f5,68887d5a2c5282412771db42,68876e3f6382aed3fb206580,6823469b436f44ab6db3154e,6877446edff1e9c4616e78d9,6895b201e35251fb74323c1e,229490,140823,1273,0.009,684ab4dce856ee7729dde255,12,0.614,GEN
68bac639ff370da694e2633c,6825c30edbda2b3debc751ff,685fd257267d3d01c364e5f5,68887d5a2c5282412771db42,68876e3f6382aed3fb206581,68316363fb08f1710d17d2d5,68774476dff1e9c4616e78dc,68931c8328b5a7a167270341,208677,128674,23989,0.186,684ab4dce856ee7729dde255,13,0.617,SC
68bac639ff370da694e2633d,6825c30edbda2b3debc751ff,685fd257267d3d01c364e5f5,68887d5a2c5282412771db42,68876e3f6382aed3fb206581,6823469b436f44ab6db3154e,6877446edff1e9c4616e78d9,6895a419e35251fb743239ee,191584,112618,19814,0.176,684ab4dce856ee7729dde255,13,0.588,SC
68bac639ff370da694e26340,6825c30edbda2b3debc751ff,685fd257267d3d01c364e5f5,68887d5a2c5282412771db42,68876e3f6382aed3fb206582,6823469b436f44ab6db3154e,6877446edff1e9c4616e78d9,68931c8328b5a7a1672702d6,201403,123663,11938,0.097,684ab4dce856ee7729dde255,14,0.614,GEN
68bac639ff370da694e26341,6825c30edbda2b3debc751ff,685fd257267d3d01c364e5f5,68887d5a2c5282412771db42,68876e3f6382aed3fb206582,6823469b436f44ab6db3154e,68774476dff1e9c4616e78dc,68931c8328b5a7a1672702d6,224607,154055,1517,0.01,684ab4dce856ee7729dde255,14,0.686,GEN
68bac639ff370da694e26342,6825c30edbda2b3debc751ff,685fd257267d3d01c364e5f5,68887d5a2c5282412771db43,68876e3f6382aed3fb206583,6823469b436f44ab6db3154e,68774476dff1e9c4616e78dc,688777c776bc0350acbf567b,279758,174567,21044,0.121,684ab4dce856ee7729dde255,15,0.624,GEN
68bac639ff370da694e26345,6825c30edbda2b3debc751ff,685fd257267d3d01c364e5f5,68887d5a2c5282412771db43,68876e3f6382aed3fb206583,6823469b436f44ab6db3154e,6877446edff1e9c4616e78d9,6895b201e35251fb74323c1f,257605,154326,15561,0.101,684ab4dce856ee7729dde255,15,0.599,GEN
68bac639ff370da694e26348,6825c30edbda2b3debc751ff,685fd257267d3d01c364e5f5,68887d5a2c5282412771db43,68876e3f6382aed3fb206584,68316363fb08f1710d17d2d5,68774476dff1e9c4616e78dc,68931c8328b5a7a16727031a,299197,171735,17819,0.104,684ab4dce856ee7729dde255,16,0.574,GEN
68bac639ff370da694e26349,6825c30edbda2b3debc751ff,685fd257267d3d01c364e5f5,68887d5a2c5282412771db43,68876e3f6382aed3fb206584,6823469b436f44ab6db3154e,6877446edff1e9c4616e78d9,6895b201e35251fb74323c20,266208,140975,1147,0.008,684ab4dce856ee7729dde255,16,0.53,GEN
68bac639ff370da694e2634a,6825c30edbda2b3debc751ff,685fd257267d3d01c364e5f5,68887d5a2c5282412771db43,68876e3f6382aed3fb206585,6823469b436f44ab6db3154e,6877446edff1e9c4616e78d9,688777c776bc0350acbf567d,232836,130544,16267,0.125,684ab4dce856ee7729dde255,17,0.561,GEN
68bac639ff370da694e2634d,6825c30edbda2b3debc751ff,685fd257267d3d01c364e5f5,68887d5a2c5282412771db43,68876e3f6382aed3fb206585,68316363fb08f1710d17d2d5,68774476dff1e9c4616e78dc,68931c8328b5a7a167270329,256802,150880,121,0.001,684ab4dce856ee7729dde255,17,0.588,GEN
68bac639ff370da694e26350,6825c30edbda2b3debc751ff,685fd257267d3d01c364e5f5,68887d5a2c5282412771db43,68876e3f6382aed3fb206586,68316363fb08f1710d17d2d5,6877446edff1e9c4616e78d9,68931c8328b5a7a16727030f,201621,139487,6548,0.047,684ab4dce856ee7729dde255,18,0.692,GEN
68bac639ff370da694e26351,6825c30edbda2b3debc751ff,685fd257267d3d01c364e5f5,68887d5a2c5282412771db43,68876e3f6382aed3fb206586,68316363fb08f1710d17d2d5,68774476dff1e9c4616e78dc,68931c8328b5a7a16727030f,214942,154762,12130,0.078,684ab4dce856ee7729dde255,18,0.72,GEN
68bac639ff370da694e26354,6825c30edbda2b3debc751ff,685fd257267d3d01c364e5f5,68887d5a2c5282412771db43,68876e3f6382aed3fb206587,68316363fb08f1710d17d2d5,6877446edff1e9c4616e78d9,68931c8328b5a7a1672702f9,198189,126034,33278,0.264,684ab4dce856ee7729dde255,19,0.636,SC
68bac639ff370da694e26355,6825c30edbda2b3debc751ff,685fd257267d3d01c364e5f5,68887d5a2c5282412771db43,68876e3f6382aed3fb206587,68316363fb08f1710d17d2d5,68774476dff1e9c4616e78dc,68931c8328b5a7a1672702f9,212245,147100,57446,0.391,684ab4dce856ee7729dde255,19,0.693,SC
68bac639ff370da694e26358,6825c30edbda2b3debc751ff,685fd257267d3d01c364e5f5,68887d5a2c5282412771db43,68876e3f6382aed3fb206588,68316363fb08f1710d17d2d5,68774476dff1e9c4616e78dc,68931c8328b5a7a1672702f0,170358,121201,33268,0.274,684ab4dce856ee7729dde255,20,0.711,GEN
68bac639ff370da694e26359,6825c30edbda2b3debc751ff,685fd257267d3d01c364e5f5,68887d5a2c5282412771db43,68876e3f6382aed3fb206588,6823469b436f44ab6db3154e,6877446edff1e9c4616e78d9,6895a419e35251fb74323a55,163587,116631,8809,0.076,684ab4dce856ee7729dde255,20,0.713,GEN
68bac639ff370da694e2635c,6825c30edbda2b3debc751ff,685fd257267d3d01c364e5f5,68887d5a2c5282412771db42,68876e3f6382aed3fb206589,68316363fb08f1710d17d2d5,68774476dff1e9c4616e78dc,68931c8328b5a7a167270339,167947,117199,39896,0.34,684ab4dce856ee7729dde255,21,0.698,SC
68bac639ff370da694e2635d,6825c30edbda2b3debc751ff,685fd257267d3d01c364e5f5,68887d5a2c5282412771db42,68876e3f6382aed3fb206589,6823469b436f44ab6db3154e,6877446edff1e9c4616e78d9,6895a419e35251fb743239d2,160266,97054,7651,0.079,684ab4dce856ee7729dde255,21,0.606,SC
68bac639ff370da694e26360,6825c30edbda2b3debc751ff,685fd257267d3d01c364e5f5,68887d5a2c5282412771db42,68876e3f6382aed3fb20658a,6823469b436f44ab6db3154e,68774476dff1e9c4616e78dc,68931c8328b5a7a1672702ec,189130,145285,2656,0.018,684ab4dce856ee7729dde255,22,0.768,GEN
68bac639ff370da694e26361,6825c30edbda2b3debc751ff,685fd257267d3d01c364e5f5,68887d5a2c5282412771db42,68876e3f6382aed3fb20658a,6823469b436f44ab6db3154e,6877446edff1e9c4616e78d9,6895a419e35251fb743239e2,171174,125352,11697,0.093,684ab4dce856ee7729dde255,22,0.732,GEN
68bac639ff370da694e26364,6825c30edbda2b3debc751ff,685fd257267d3d01c364e5f5,68887d5a2c5282412771db43,68876e3f6382aed3fb20658b,68316363fb08f1710d17d2d5,68774476dff1e9c4616e78dc,68931c8328b5a7a1672702fd,239641,171602,14824,0.086,684ab4dce856ee7729dde255,23,0.716,SC
68bac639ff370da694e26365,6825c30edbda2b3debc751ff,685fd257267d3d01c364e5f5,68887d5a2c5282412771db43,68876e3f6382aed3fb20658b,68316363fb08f1710d17d2d5,6877446edff1e9c4616e78d9,6895b201e35251fb74323c21,229576,161534,10320,0.064,684ab4dce856ee7729dde255,23,0.704,SC
68bac639ff370da694e26368,6825c30edbda2b3debc751ff,685fd257267d3d01c364e5f5,68887d5a2c5282412771db43,68876e3f6382aed3fb20658c,68316363fb08f1710d17d2d5,68774476dff1e9c4616e78dc,68931c8328b5a7a167270358,218908,163238,7918,0.049,684ab4dce856ee7729dde255,24,0.746,GEN
68bac639ff370da694e26369,6825c30edbda2b3debc751ff,685fd257267d3d01c364e5f5,68887d5a2c5282412771db43,68876e3f6382aed3fb20658c,6823469b436f44ab6db3154e,6877446edff1e9c4616e78d9,6895a419e35251fb74323a42,211755,151707,3625,0.024,684ab4dce856ee7729dde255,24,0.716,GEN
68bac639ff370da694e2636c,6825c30edbda2b3debc751ff,685fd257267d3d01c364e5f5,68887d5a2c5282412771db44,68876e3f6382aed3fb20658d,6823469b436f44ab6db3154e,68774476dff1e9c4616e78dc,68931c8328b5a7a167270365,240528,162183,28748,0.177,684ab4dce856ee7729dde255,25,0.674,GEN
68bac639ff370da694e2636d,6825c30edbda2b3debc751ff,685fd257267d3d01c364e5f5,68887d5a2c5282412771db44,68876e3f6382aed3fb20658d,6823469b436f44ab6db3154e,6877446edff1e9c4616e78d9,6895b201e35251fb74323c22,223951,149500,11145,0.075,684ab4dce856ee7729dde255,25,0.668,GEN
68bac639ff370da694e26370,6825c30edbda2b3debc751ff,685fd257267d3d01c364e5f5,68887d5a2c5282412771db44,68876e3f6382aed3fb20658e,68316363fb08f1710d17d2d5,68774476dff1e9c4616e78dc,68931c8328b5a7a167270301,232637,191894,2675,0.014,684ab4dce856ee7729dde255,26,0.825,GEN
68bac639ff370da694e26371,6825c30edbda2b3debc751ff,685fd257267d3d01c364e5f5,68887d5a2c5282412771db44,68876e3f6382aed3fb20658e,68316363fb08f1710d17d2d5,6877446edff1e9c4616e78d9,6895b201e35251fb74323c23,220263,173038,7113,0.041,684ab4dce856ee7729dde255,26,0.786,GEN
68bac639ff370da694e26374,6825c30edbda2b3debc751ff,685fd257267d3d01c364e5f5,68887d5a2c5282412771db44,68876e3f6382aed3fb20658f,6823469b436f44ab6db3154e,68774476dff1e9c4616e78dc,68931c8328b5a7a1672702da,237069,170371,720,0.004,684ab4dce856ee7729dde255,27,0.719,GEN
68bac639ff370da694e26375,6825c30edbda2b3debc751ff,685fd257267d3d01c364e5f5,68887d5a2c5282412771db44,68876e3f6382aed3fb20658f,68316363fb08f1710d17d2d5,6877446edff1e9c4616e78d9,6895a419e35251fb74323a16,221157,159179,24953,0.157,684ab4dce856ee7729dde255,27,0.72,GEN
68bac639ff370da694e26378,6825c30edbda2b3debc751ff,685fd257267d3d01c364e5f5,68887d5a2c5282412771db44,68876e3f6382aed3fb206590,68316363fb08f1710d17d2d5,68774476dff1e9c4616e78dc,68931c8328b5a7a167270312,190923,154363,27920,0.181,684ab4dce856ee7729dde255,28,0.809,GEN
68bac639ff370da694e26379,6825c30edbda2b3debc751ff,685fd257267d3d01c364e5f5,68887d5a2c5282412771db44,68876e3f6382aed3fb206590,68316363fb08f1710d17d2d5,6877446edff1e9c4616e78d9,6895b201e35251fb74323c24,182994,138777,18561,0.134,684ab4dce856ee7729dde255,28,0.758,GEN
68bac639ff370da694e2637c,6825c30edbda2b3debc751ff,685fd257267d3d01c364e5f5,68887d5a2c5282412771db44,68876e3f6382aed3fb206591,6823469b436f44ab6db3154e,68774476dff1e9c4616e78dc,68931c8328b5a7a1672702f2,207863,145741,33667,0.231,684ab4dce856ee7729dde255,29,0.701,SC
68bac639ff370da694e2637d,6825c30edbda2b3debc751ff,685fd257267d3d01c364e5f5,68887d5a2c5282412771db44,68876e3f6382aed3fb206591,6823469b436f44ab6db3154e,6877446edff1e9c4616e78d9,6895b201e35251fb74323c25,194321,129281,45111,0.349,684ab4dce856ee7729dde255,29,0.665,SC
68bac639ff370da694e26380,6825c30edbda2b3debc751ff,685fd2e5267d3d01c364e63f,68887d5a2c5282412771db54,68876e3f6382aed3fb206592,68316363fb08f1710d17d2d5,68774476dff1e9c4616e78dc,68931c8328b5a7a167270310,203976,161933,9797,0.061,684ab4dce856ee7729dde255,30,0.794,GEN
68bac639ff370da694e26381,6825c30edbda2b3debc751ff,685fd2e5267d3d01c364e63f,68887d5a2c5282412771db54,68876e3f6382aed3fb206592,6823469b436f44ab6db3154e,6877446edff1e9c4616e78d9,6895b201e35251fb74323c26,196475,142213,34901,0.245,684ab4dce856ee7729dde255,30,0.724,GEN
68bac639ff370da694e26382,6825c30edbda2b3debc751ff,685fd2e5267d3d01c364e63f,68887d5a2c5282412771db54,68876e3f6382aed3fb206593,68316363fb08f1710d17d2d5,6877446edff1e9c4616e78d9,688777c776bc0350acbf568b,195398,145916,58204,0.399,684ab4dce856ee7729dde255,31,0.747,GEN
68bac639ff370da694e26383,6825c30edbda2b3debc751ff,685fd2e5267d3d01c364e63f,68887d5a2c5282412771db54,68876e3f6382aed3fb206593,68316363fb08f1710d17d2d5,68774476dff1e9c4616e78dc,688777c776bc0350acbf568b,202992,156745,46697,0.298,684ab4dce856ee7729dde255,31,0.772,GEN
68bac639ff370da694e26388,6825c30edbda2b3debc751ff,685fd257267d3d01c364e5f5,68887d5a2c5282412771db44,68876e3f6382aed3fb206594,6823469b436f44ab6db3154e,6877446edff1e9c4616e78d9,68931c8328b5a7a1672702f2,178635,125939,3348,0.027,684ab4dce856ee7729dde255,32,0.705,SC
68bac639ff370da694e26389,6825c30edbda2b3debc751ff,685fd257267d3d01c364e5f5,68887d5a2c5282412771db44,68876e3f6382aed3fb206594,68316363fb08f1710d17d2d5,68774476dff1e9c4616e78dc,68931c8328b5a7a1672702fb,185218,136463,9730,0.071,684ab4dce856ee7729dde255,32,0.737,SC
68bac639ff370da694e2638c,6825c30edbda2b3debc751ff,685fd257267d3d01c364e5f5,68887d5a2c5282412771db44,68876e3f6382aed3fb206595,68316363fb08f1710d17d2d5,6877446edff1e9c4616e78d9,6895b201e35251fb74323c27,168670,124121,30318,0.244,684ab4dce856ee7729dde255,33,0.736,GEN
68bac639ff370da694e2638d,6825c30edbda2b3debc751ff,685fd257267d3d01c364e5f5,68887d5a2c5282412771db44,68876e3f6382aed3fb206595,68316363fb08f1710d17d2d5,68774476dff1e9c4616e78dc,68baacdc39ec0f7cddda0403,173898,130495,4175,0.032,684ab4dce856ee7729dde255,33,0.75,GEN
68bac639ff370da694e2638e,6825c30edbda2b3debc751ff,685fd257267d3d01c364e5f5,68887d5a2c5282412771db44,68876e3f6382aed3fb206596,6823469b436f44ab6db3154e,68774476dff1e9c4616e78dc,688777c776bc0350acbf568e,186461,137666,2136,0.016,684ab4dce856ee7729dde255,34,0.738,GEN
68bac639ff370da694e26391,6825c30edbda2b3debc751ff,685fd257267d3d01c364e5f5,68887d5a2c5282412771db44,68876e3f6382aed3fb206596,68316363fb08f1710d17d2d5,6877446edff1e9c4616e78d9,6895a419e35251fb74323a2c,180085,137932,20765,0.151,684ab4dce856ee7729dde255,34,0.766,GEN
68bac639ff370da694e26394,6825c30edbda2b3debc751ff,685fd2fe267d3d01c364e64f,68887d5a2c5282412771db45,68876e3f6382aed3fb206597,6823469b436f44ab6db3154e,6877446edff1e9c4616e78d9,68931c8328b5a7a167270313,168051,117932,18769,0.159,684ab4dce856ee7729dde255,35,0.702,SC
68bac639ff370da694e26395,6825c30edbda2b3debc751ff,685fd2fe267d3d01c364e64f,68887d5a2c5282412771db45,68876e3f6382aed3fb206597,6823469b436f44ab6db3154e,68774476dff1e9c4616e78dc,68931c8328b5a7a167270313,176472,124829,632,0.005,684ab4dce856ee7729dde255,35,0.707,SC
68bac639ff370da694e26398,6825c30edbda2b3debc751ff,685fd2fe267d3d01c364e64f,68887d5a2c5282412771db45,68876e3f6382aed3fb206598,6823469b436f44ab6db3154e,68774476dff1e9c4616e78dc,68931c8328b5a7a1672702d8,192861,153490,15295,0.1,684ab4dce856ee7729dde255,36,0.796,GEN
68bac639ff370da694e26399,6825c30edbda2b3debc751ff,685fd2fe267d3d01c364e64f,68887d5a2c5282412771db45,68876e3f6382aed3fb206598,6823469b436f44ab6db3154e,6877446edff1e9c4616e78d9,6895b201e35251fb74323c28,180404,136254,6084,0.045,684ab4dce856ee7729dde255,36,0.755,GEN
68bac639ff370da694e2639a,6825c30edbda2b3debc751ff,685fd2fe267d3d01c364e64f,68887d5a2c5282412771db45,68876e3f6382aed3fb206599,6823469b436f44ab6db3154e,68774476dff1e9c4616e78dc,688777c776bc0350acbf5691,196632,143909,21418,0.149,684ab4dce856ee7729dde255,37,0.732,GEN
68bac639ff370da694e2639d,6825c30edbda2b3debc751ff,685fd2fe267d3d01c364e64f,68887d5a2c5282412771db45,68876e3f6382aed3fb206599,6823469b436f44ab6db3154e,6877446edff1e9c4616e78d9,6895b201e35251fb74323c29,185058,134867,141,0.001,684ab4dce856ee7729dde255,37,0.729,GEN
68bac639ff370da694e263a0,6825c30edbda2b3debc751ff,685fd2fe267d3d01c364e64f,68887d5a2c5282412771db47,68876e3f6382aed3fb20659a,68316363fb08f1710d17d2d5,6877446edff1e9c4616e78d9,68931c8328b5a7a1672702f7,189801,134608,22080,0.164,684ab4dce856ee7729dde255,38,0.709,GEN
68bac639ff370da694e263a1,6825c30edbda2b3debc751ff,685fd2fe267d3d01c364e64f,68887d5a2c5282412771db47,68876e3f6382aed3fb20659a,68316363fb08f1710d17d2d5,68774476dff1e9c4616e78dc,68931c8328b5a7a1672702f7,197551,145383,4304,0.03,684ab4dce856ee7729dde255,38,0.736,GEN
68bac639ff370da694e263a2,6825c30edbda2b3debc751ff,685fd2fe267d3d01c364e64f,68887d5a2c5282412771db47,68876e3f6382aed3fb20659b,6823469b436f44ab6db3154e,6877446edff1e9c4616e78d9,688777c776bc0350acbf5693,213489,159678,51765,0.324,684ab4dce856ee7729dde255,39,0.748,GEN
68bac639ff370da694e263a3,6825c30edbda2b3debc751ff,685fd2fe267d3d01c364e64f,68887d5a2c5282412771db47,68876e3f6382aed3fb20659b,6823469b436f44ab6db3154e,68774476dff1e9c4616e78dc,688777c776bc0350acbf5693,225039,166057,26888,0.162,684ab4dce856ee7729dde255,39,0.738,GEN
68bac639ff370da694e263a8,6825c30edbda2b3debc751ff,685fd2fe267d3d01c364e64f,68887d5a2c5282412771db45,68876e3f6382aed3fb20659c,6823469b436f44ab6db3154e,68774476dff1e9c4616e78dc,68931c8328b5a7a1672702ee,227102,145576,8900,0.061,684ab4dce856ee7729dde255,40,0.641,SC
68bac639ff370da694e263a9,6825c30edbda2b3debc751ff,685fd2fe267d3d01c364e64f,68887d5a2c5282412771db45,68876e3f6382aed3fb20659c,6823469b436f44ab6db3154e,6877446edff1e9c4616e78d9,6895b201e35251fb74323c2a,209257,130969,16046,0.123,684ab4dce856ee7729dde255,40,0.626,SC
68bac639ff370da694e263ac,6825c30edbda2b3debc751ff,685fd2fe267d3d01c364e64f,68887d5a2c5282412771db45,68876e3f6382aed3fb20659d,6823469b436f44ab6db3154e,6877446edff1e9c4616e78d9,68931c8328b5a7a16727034b,195462,124395,8223,0.066,684ab4dce856ee7729dde255,41,0.636,GEN
68bac639ff370da694e263ad,6825c30edbda2b3debc751ff,685fd2fe267d3d01c364e64f,68887d5a2c5282412771db45,68876e3f6382aed3fb20659d,6823469b436f44ab6db3154e,68774476dff1e9c4616e78dc,68931c8328b5a7a16727034b,211090,131136,17366,0.132,684ab4dce856ee7729dde255,41,0.621,GEN
68bac639ff370da694e263b0,6825c30edbda2b3debc751ff,685fd2fe267d3d01c364e64f,68887d5a2c5282412771db47,68876e3f6382aed3fb20659e,68316363fb08f1710d17d2d5,68774476dff1e9c4616e78dc,68931c8328b5a7a16727035b,221437,160305,24164,0.151,684ab4dce856ee7729dde255,42,0.724,GEN
68bac639ff370da694e263b1,6825c30edbda2b3debc751ff,685fd2fe267d3d01c364e64f,68887d5a2c5282412771db47,68876e3f6382aed3fb20659e,6823469b436f44ab6db3154e,6877446edff1e9c4616e78d9,6895b201e35251fb74323c2b,212851,144869,17880,0.123,684ab4dce856ee7729dde255,42,0.681,GEN
68bac639ff370da694e263b4,6825c30edbda2b3debc751ff,685fd2fe267d3d01c364e64f,68887d5a2c5282412771db46,68876e3f6382aed3fb20659f,6823469b436f44ab6db3154e,68774476dff1e9c4616e78dc,68931c8328b5a7a167270337,201171,148669,4175,0.028,684ab4dce856ee7729dde255,43,0.739,GEN
68bac639ff370da694e263b5,6825c30edbda2b3debc751ff,685fd2fe267d3d01c364e64f,68887d5a2c5282412771db46,68876e3f6382aed3fb20659f,6823469b436f44ab6db3154e,6877446edff1e9c4616e78d9,6895b201e35251fb74323c2c,188786,134661,16889,0.125,684ab4dce856ee7729dde255,43,0.713,GEN
68bac639ff370da694e263b6,6825c30edbda2b3debc751ff,685fd2fe267d3d01c364e64f,68887d5a2c5282412771db46,68876e3f6382aed3fb2065a0,6823469b436f44ab6db3154e,68774476dff1e9c4616e78dc,688777c776bc0350acbf5698,192358,136599,36715,0.269,684ab4dce856ee7729dde255,44,0.71,SC
68bac639ff370da694e263b9,6825c30edbda2b3debc751ff,685fd2fe267d3d01c364e64f,68887d5a2c5282412771db46,68876e3f6382aed3fb2065a0,68316363fb08f1710d17d2d5,6877446edff1e9c4616e78d9,6895b201e35251fb74323c2d,182623,126447,233,0.002,684ab4dce856ee7729dde255,44,0.692,SC
68bac639ff370da694e263bc,6825c30edbda2b3debc751ff,685fd2fe267d3d01c364e64f,68887d5a2c5282412771db46,68876e3f6382aed3fb2065a1,68316363fb08f1710d17d2d5,68774476dff1e9c4616e78dc,68931c8328b5a7a1672702dc,184719,147951,7620,0.052,684ab4dce856ee7729dde255,45,0.801,GEN
68bac639ff370da694e263bd,6825c30edbda2b3debc751ff,685fd2fe267d3d01c364e64f,68887d5a2c5282412771db46,68876e3f6382aed3fb2065a1,6823469b436f44ab6db3154e,6877446edff1e9c4616e78d9,6895b201e35251fb74323c2e,174422,132332,8627,0.065,684ab4dce856ee7729dde255,45,0.759,GEN
68bac639ff370da694e263be,6825c30edbda2b3debc751ff,685fd2fe267d3d01c364e64f,68887d5a2c5282412771db46,68876e3f6382aed3fb2065a2,6823469b436f44ab6db3154e,6877446edff1e9c4616e78d9,688777c776bc0350acbf569a,173341,123298,27209,0.221,684ab4dce856ee7729dde255,46,0.711,GEN
68bac639ff370da694e263bf,6825c30edbda2b3debc751ff,685fd2fe267d3d01c364e64f,68887d5a2c5282412771db46,68876e3f6382aed3fb2065a2,6823469b436f44ab6db3154e,68774476dff1e9c4616e78dc,688777c776bc0350acbf569a,180651,135018,8837,0.065,684ab4dce856ee7729dde255,46,0.747,GEN
68bac639ff370da694e263c4,6825c30edbda2b3debc751ff,685fd2fe267d3d01c364e64f,68887d5a2c5282412771db46,68876e3f6382aed3fb2065a3,6823469b436f44ab6db3154e,68774476dff1e9c4616e78dc,68931c8328b5a7a167270331,217584,158609,11665,0.074,684ab4dce856ee7729dde255,47,0.729,GEN
68bac639ff370da694e263c5,6825c30edbda2b3debc751ff,685fd2fe267d3d01c364e64f,68887d5a2c5282412771db46,68876e3f6382aed3fb2065a3,68316363fb08f1710d17d2d5,6877446edff1e9c4616e78d9,6895b201e35251fb74323c2f,206630,138698,5677,0.041,684ab4dce856ee7729dde255,47,0.671,GEN
68bac639ff370da694e263c8,6825c30edbda2b3debc751ff,685fd2fe267d3d01c364e64f,68887d5a2c5282412771db46,68876e3f6382aed3fb2065a4,68316363fb08f1710d17d2d5,68774476dff1e9c4616e78dc,68931c8328b5a7a16727031f,206548,142422,14005,0.098,684ab4dce856ee7729dde255,48,0.69,GEN
68bac639ff370da694e263c9,6825c30edbda2b3debc751ff,685fd2fe267d3d01c364e64f,68887d5a2c5282412771db46,68876e3f6382aed3fb2065a4,6823469b436f44ab6db3154e,6877446edff1e9c4616e78d9,6895b201e35251fb74323c30,195119,125582,15721,0.125,684ab4dce856ee7729dde255,48,0.644,GEN
68bac639ff370da694e263cc,6825c30edbda2b3debc751ff,685fd2fe267d3d01c364e64f,68887d5a2c5282412771db48,68876e3f6382aed3fb2065a5,6823469b436f44ab6db3154e,68774476dff1e9c4616e78dc,68931c8328b5a7a167270333,206153,129612,1177,0.009,684ab4dce856ee7729dde255,49,0.629,SC
68bac639ff370da694e263cd,6825c30edbda2b3debc751ff,685fd2fe267d3d01c364e64f,68887d5a2c5282412771db48,68876e3f6382aed3fb2065a5,6823469b436f44ab6db3154e,6877446edff1e9c4616e78d9,6895b201e35251fb74323c31,195588,116898,37397,0.32,684ab4dce856ee7729dde255,49,0.598,SC
68bac639ff370da694e263d0,6825c30edbda2b3debc751ff,685fd2fe267d3d01c364e64f,68887d5a2c5282412771db48,68876e3f6382aed3fb2065a6,68316363fb08f1710d17d2d5,68774476dff1e9c4616e78dc,68931c8328b5a7a167270361,211786,141377,732,0.005,684ab4dce856ee7729dde255,50,0.668,GEN
68bac639ff370da694e263d1,6825c30edbda2b3debc751ff,685fd2fe267d3d01c364e64f,68887d5a2c5282412771db48,68876e3f6382aed3fb2065a6,68316363fb08f1710d17d2d5,6877446edff1e9c4616e78d9,6895b201e35251fb74323c32,200933,125971,8607,0.068,684ab4dce856ee7729dde255,50,0.627,GEN
68bac639ff370da694e263d2,6825c30edbda2b3debc751ff,685fd2fe267d3d01c364e64f,68887d5a2c5282412771db46,68876e3f6382aed3fb2065a7,6823469b436f44ab6db3154e,6877446edff1e9c4616e78d9,688777c776bc0350acbf569f,190134,124329,2217,0.018,684ab4dce856ee7729dde255,51,0.654,GEN
68bac639ff370da694e263d5,6825c30edbda2b3debc751ff,685fd2fe267d3d01c364e64f,68887d5a2c5282412771db46,68876e3f6382aed3fb2065a7,68316363fb08f1710d17d2d5,68774476dff1e9c4616e78dc,68931c8328b5a7a1672702cd,199646,145924,3495,0.024,684ab4dce856ee7729dde255,51,0.731,GEN
68bac639ff370da694e263d8,6825c30edbda2b3debc751ff,685fd2fe267d3d01c364e64f,68887d5a2c5282412771db46,68876e3f6382aed3fb2065a8,687f8c5dc8cdc141419e792a,68774476dff1e9c4616e78dc,68931c8328b5a7a167270332,199429,143880,36714,0.255,684ab4dce856ee7729dde255,52,0.721,GEN
68bac639ff370da694e263d9,6825c30edbda2b3debc751ff,685fd2fe267d3d01c364e64f,68887d5a2c5282412771db46,68876e3f6382aed3fb2065a8,6823469b436f44ab6db3154e,6877446edff1e9c4616e78d9,68baacca39ec0f7cddda03f3,185142,125047,10379,0.083,684ab4dce856ee7729dde255,52,0.675,GEN
68bac639ff370da694e263dc,6825c30edbda2b3debc751ff,685fd2fe267d3d01c364e64f,68887d5a2c5282412771db47,68876e3f6382aed3fb2065a9,68316363fb08f1710d17d2d5,68774476dff1e9c4616e78dc,68931c8328b5a7a16727030c,198939,147819,15779,0.107,684ab4dce856ee7729dde255,53,0.743,GEN
68bac639ff370da694e263dd,6825c30edbda2b3debc751ff,685fd2fe267d3d01c364e64f,68887d5a2c5282412771db47,68876e3f6382aed3fb2065a9,6823469b436f44ab6db3154e,6877446edff1e9c4616e78d9,6895b201e35251fb74323c33,191882,129411,1514,0.012,684ab4dce856ee7729dde255,53,0.674,GEN
68bac639ff370da694e263de,6825c30edbda2b3debc751ff,685fd2fe267d3d01c364e64f,68887d5a2c5282412771db47,68876e3f6382aed3fb2065aa,6823469b436f44ab6db3154e,6877446edff1e9c4616e78d9,688777c776bc0350acbf56a2,198374,140673,7315,0.052,684ab4dce856ee7729dde255,54,0.709,GEN
68bac639ff370da694e263e1,6825c30edbda2b3debc751ff,685fd2fe267d3d01c364e64f,68887d5a2c5282412771db47,68876e3f6382aed3fb2065aa,6872515c33ac34cbce8afc98,68774476dff1e9c4616e78dc,68931c8328b5a7a16727033c,210948,163585,2205,0.013,684ab4dce856ee7729dde255,54,0.775,GEN
68bac639ff370da694e263e2,6825c30edbda2b3debc751ff,685fd2fe267d3d01c364e64f,68887d5a2c5282412771db47,68876e3f6382aed3fb2065ab,6823469b436f44ab6db3154e,6877446edff1e9c4616e78d9,688777c776bc0350acbf56a3,212833,151546,4953,0.033,684ab4dce856ee7729dde255,55,0.712,GEN
68bac639ff370da694e263e5,6825c30edbda2b3debc751ff,685fd2fe267d3d01c364e64f,68887d5a2c5282412771db47,68876e3f6382aed3fb2065ab,68316363fb08f1710d17d2d5,68774476dff1e9c4616e78dc,68931c8328b5a7a167270330,231546,174073,798,0.005,684ab4dce856ee7729dde255,55,0.752,GEN
68bac639ff370da694e263e6,6825c30edbda2b3debc751ff,685fd2fe267d3d01c364e64f,68887d5a2c5282412771db47,68876e3f6382aed3fb2065ac,6823469b436f44ab6db3154e,68774476dff1e9c4616e78dc,688777c776bc0350acbf56a4,213949,166074,3485,0.021,684ab4dce856ee7729dde255,56,0.776,GEN
68bac639ff370da694e263e9,6825c30edbda2b3debc751ff,685fd2fe267d3d01c364e64f,68887d5a2c5282412771db47,68876e3f6382aed3fb2065ac,68316363fb08f1710d17d2d5,6877446edff1e9c4616e78d9,6895a419e35251fb74323a03,199822,146866,11896,0.081,684ab4dce856ee7729dde255,56,0.735,GEN
68bac639ff370da694e263ec,6825c30edbda2b3debc751ff,685fd2fe267d3d01c364e64f,68887d5a2c5282412771db47,68876e3f6382aed3fb2065ad,6823469b436f44ab6db3154e,68774476dff1e9c4616e78dc,68931c8328b5a7a16727032d,217723,154932,19905,0.128,684ab4dce856ee7729dde255,57,0.712,SC
68bac639ff370da694e263ed,6825c30edbda2b3debc751ff,685fd2fe267d3d01c364e64f,68887d5a2c5282412771db47,68876e3f6382aed3fb2065ad,6823469b436f44ab6db3154e,6877446edff1e9c4616e78d9,6895b201e35251fb74323c34,201349,127443,2852,0.022,684ab4dce856ee7729dde255,57,0.633,SC
68bac639ff370da694e263ee,6825c30edbda2b3debc751ff,685fd2fe267d3d01c364e64f,68887d5a2c5282412771db48,68876e3f6382aed3fb2065ae,6823469b436f44ab6db3154e,68774476dff1e9c4616e78dc,688777c776bc0350acbf56a6,252935,196167,23680,0.121,684ab4dce856ee7729dde255,58,0.776,GEN
68bac639ff370da694e263f1,6825c30edbda2b3debc751ff,685fd2fe267d3d01c364e64f,68887d5a2c5282412771db48,68876e3f6382aed3fb2065ae,68316363fb08f1710d17d2d5,6877446edff1e9c4616e78d9,6895b201e35251fb74323c35,242407,171738,11695,0.068,684ab4dce856ee7729dde255,58,0.708,GEN
68bac639ff370da694e263f4,6825c30edbda2b3debc751ff,685fd2fe267d3d01c364e64f,68887d5a2c5282412771db48,68876e3f6382aed3fb2065af,68316363fb08f1710d17d2d5,68774476dff1e9c4616e78dc,68931c8328b5a7a16727034e,207024,149825,1984,0.013,684ab4dce856ee7729dde255,59,0.724,SC
68bac639ff370da694e263f5,6825c30edbda2b3debc751ff,685fd2fe267d3d01c364e64f,68887d5a2c5282412771db48,68876e3f6382aed3fb2065af,6823469b436f44ab6db3154e,6877446edff1e9c4616e78d9,6895a419e35251fb743239c7,196363,121739,1337,0.011,684ab4dce856ee7729dde255,59,0.62,SC
68bac639ff370da694e263f6,6825c30edbda2b3debc751ff,685fd2fe267d3d01c364e64f,68887d5a2c5282412771db48,68876e3f6382aed3fb2065b0,6823469b436f44ab6db3154e,68774476dff1e9c4616e78dc,688777c776bc0350acbf56a8,223918,169309,20708,0.122,684ab4dce856ee7729dde255,60,0.756,GEN
68bac639ff370da694e263f9,6825c30edbda2b3debc751ff,685fd2fe267d3d01c364e64f,68887d5a2c5282412771db48,68876e3f6382aed3fb2065b0,6823469b436f44ab6db3154e,6877446edff1e9c4616e78d9,6895b201e35251fb74323c36,217048,145542,29036,0.2,684ab4dce856ee7729dde255,60,0.671,GEN
68bac639ff370da694e263fc,6825c30edbda2b3debc751ff,685fd30a267d3d01c364e657,68887d5a2c5282412771db49,68876e3f6382aed3fb2065b1,68316363fb08f1710d17d2d5,68774476dff1e9c4616e78dc,68931c8328b5a7a16727031e,196339,142498,10198,0.072,684ab4dce856ee7729dde255,61,0.726,GEN
68bac639ff370da694e263fd,6825c30edbda2b3debc751ff,685fd30a267d3d01c364e657,68887d5a2c5282412771db49,68876e3f6382aed3fb2065b1,68316363fb08f1710d17d2d5,6877446edff1e9c4616e78d9,6895a419e35251fb743239df,185594,123529,10970,0.089,684ab4dce856ee7729dde255,61,0.666,GEN
68bac639ff370da694e26400,6825c30edbda2b3debc751ff,685fd30a267d3d01c364e657,68887d5a2c5282412771db49,68876e3f6382aed3fb2065b2,6823469b436f44ab6db3154e,68774476dff1e9c4616e78dc,68931c8328b5a7a167270300,195114,144974,17421,0.12,684ab4dce856ee7729dde255,62,0.743,SC
68bac639ff370da694e26401,6825c30edbda2b3debc751ff,685fd30a267d3d01c364e657,68887d5a2c5282412771db49,68876e3f6382aed3fb2065b2,6872515c33ac34cbce8afc98,6877446edff1e9c4616e78d9,6895b201e35251fb74323c37,183280,119859,4109,0.034,684ab4dce856ee7729dde255,62,0.654,SC
68bac639ff370da694e26402,6825c30edbda2b3debc751ff,685fd30a267d3d01c364e657,68887d5a2c5282412771db49,68876e3f6382aed3fb2065b3,68316363fb08f1710d17d2d5,68774476dff1e9c4616e78dc,688777c776bc0350acbf56ab,232501,160414,12558,0.078,684ab4dce856ee7729dde255,63,0.69,GEN
68bac639ff370da694e26405,6825c30edbda2b3debc751ff,685fd30a267d3d01c364e657,68887d5a2c5282412771db49,68876e3f6382aed3fb2065b3,6823469b436f44ab6db3154e,6877446edff1e9c4616e78d9,6895a419e35251fb74323a50,216863,133586,15332,0.115,684ab4dce856ee7729dde255,63,0.616,GEN
68bac639ff370da694e26406,6825c30edbda2b3debc751ff,685fd30a267d3d01c364e657,68887d5a2c5282412771db49,68876e3f6382aed3fb2065b4,6823469b436f44ab6db3154e,68774476dff1e9c4616e78dc,688777c776bc0350acbf56ac,210302,165693,1234,0.007,684ab4dce856ee7729dde255,64,0.788,GEN
68bac639ff370da694e26409,6825c30edbda2b3debc751ff,685fd30a267d3d01c364e657,68887d5a2c5282412771db49,68876e3f6382aed3fb2065b4,6823469b436f44ab6db3154e,68774476dff1e9c4616e78dc,688777c776bc0350acbf56b7,210302,165693,1234,0.007,684ab4dce856ee7729dde255,64,0.788,GEN
68bac639ff370da694e2640c,6825c30edbda2b3debc751ff,685fd30a267d3d01c364e657,68887d5a2c5282412771db49,68876e3f6382aed3fb2065b4,68316363fb08f1710d17d2d5,6877446edff1e9c4616e78d9,6895a419e35251fb74323a2e,194920,147475,10064,0.068,684ab4dce856ee7729dde255,64,0.757,GEN
68bac639ff370da694e2640f,6825c30edbda2b3debc751ff,685fd30a267d3d01c364e657,68887d5a2c5282412771db49,68876e3f6382aed3fb2065b5,6823469b436f44ab6db3154e,68774476dff1e9c4616e78dc,68931c8328b5a7a16727031c,233498,179752,2984,0.017,684ab4dce856ee7729dde255,65,0.77,GEN
68bac639ff370da694e26410,6825c30edbda2b3debc751ff,685fd30a267d3d01c364e657,68887d5a2c5282412771db49,68876e3f6382aed3fb2065b5,68316363fb08f1710d17d2d5,6877446edff1e9c4616e78d9,6895a419e35251fb74323a1f,211794,153113,6975,0.046,684ab4dce856ee7729dde255,65,0.723,GEN
68bac639ff370da694e26413,6825c30edbda2b3debc751ff,685fd30a267d3d01c364e657,68887d5a2c5282412771db49,68876e3f6382aed3fb2065b6,6823469b436f44ab6db3154e,68774476dff1e9c4616e78dc,68931c8328b5a7a16727033d,218601,164874,3747,0.023,684ab4dce856ee7729dde255,66,0.754,GEN
68bac639ff370da694e26414,6825c30edbda2b3debc751ff,685fd30a267d3d01c364e657,68887d5a2c5282412771db49,68876e3f6382aed3fb2065b6,68316363fb08f1710d17d2d5,6877446edff1e9c4616e78d9,6895a419e35251fb743239b9,206890,145621,11739,0.081,684ab4dce856ee7729dde255,66,0.704,GEN
68bac639ff370da694e26417,6825c30edbda2b3debc751ff,685fd30a267d3d01c364e657,68887d5a2c5282412771db49,68876e3f6382aed3fb2065b7,6823469b436f44ab6db3154e,68774476dff1e9c4616e78dc,68931c8328b5a7a167270362,229932,178358,15687,0.088,684ab4dce856ee7729dde255,67,0.776,GEN
68bac639ff370da694e26418,6825c30edbda2b3debc751ff,685fd30a267d3d01c364e657,68887d5a2c5282412771db49,68876e3f6382aed3fb2065b7,6823469b436f44ab6db3154e,6877446edff1e9c4616e78d9,6895a419e35251fb74323a47,216849,150997,24255,0.161,684ab4dce856ee7729dde255,67,0.696,GEN
68bac639ff370da694e26419,6825c30edbda2b3debc751ff,685fd30a267d3d01c364e657,68887d5a2c5282412771db4a,68876e3f6382aed3fb2065b8,6823469b436f44ab6db3154e,6877446edff1e9c4616e78d9,688777c776bc0350acbf56b0,181932,116570,5288,0.045,684ab4dce856ee7729dde255,68,0.641,GEN
68bac639ff370da694e2641a,6825c30edbda2b3debc751ff,685fd30a267d3d01c364e657,68887d5a2c5282412771db4a,68876e3f6382aed3fb2065b8,6823469b436f44ab6db3154e,68774476dff1e9c4616e78dc,688777c776bc0350acbf56b0,190673,126281,13401,0.106,684ab4dce856ee7729dde255,68,0.662,GEN
68bac639ff370da694e2641f,6825c30edbda2b3debc751ff,685fd30a267d3d01c364e657,68887d5a2c5282412771db4a,68876e3f6382aed3fb2065b9,6823469b436f44ab6db3154e,68774476dff1e9c4616e78dc,68931c8328b5a7a167270302,191573,135982,7776,0.057,684ab4dce856ee7729dde255,69,0.71,GEN
68bac639ff370da694e26420,6825c30edbda2b3debc751ff,685fd30a267d3d01c364e657,68887d5a2c5282412771db4a,68876e3f6382aed3fb2065b9,6823469b436f44ab6db3154e,6877446edff1e9c4616e78d9,6895b201e35251fb74323c38,181361,120005,5977,0.05,684ab4dce856ee7729dde255,69,0.662,GEN
68bac639ff370da694e26423,6825c30edbda2b3debc751ff,685fd30a267d3d01c364e657,68887d5a2c5282412771db4a,68876e3f6382aed3fb2065ba,6823469b436f44ab6db3154e,68774476dff1e9c4616e78dc,68931c8328b5a7a167270350,186052,129492,5343,0.041,684ab4dce856ee7729dde255,70,0.696,GEN
68bac639ff370da694e26424,6825c30edbda2b3debc751ff,685fd30a267d3d01c364e657,68887d5a2c5282412771db4a,68876e3f6382aed3fb2065ba,6823469b436f44ab6db3154e,6877446edff1e9c4616e78d9,6895b201e35251fb74323c39,184193,120396,9757,0.081,684ab4dce856ee7729dde255,70,0.654,GEN
68bac639ff370da694e26425,6825c30edbda2b3debc751ff,685fd30a267d3d01c364e657,68887d5a2c5282412771db4a,68876e3f6382aed3fb2065bb,6823469b436f44ab6db3154e,68774476dff1e9c4616e78dc,688777c776bc0350acbf56b3,196482,134184,11092,0.083,684ab4dce856ee7729dde255,71,0.683,GEN
68bac639ff370da694e26428,6825c30edbda2b3debc751ff,685fd30a267d3d01c364e657,68887d5a2c5282412771db4a,68876e3f6382aed3fb2065bb,68316363fb08f1710d17d2d5,6877446edff1e9c4616e78d9,6895b201e35251fb74323c3a,186651,117044,10766,0.092,684ab4dce856ee7729dde255,71,0.627,GEN
68bac639ff370da694e26429,6825c30edbda2b3debc751ff,685fd30a267d3d01c364e657,68887d5a2c5282412771db4a,68876e3f6382aed3fb2065bc,6823469b436f44ab6db3154e,6877446edff1e9c4616e78d9,688777c776bc0350acbf56b4,205360,121441,3885,0.032,684ab4dce856ee7729dde255,72,0.591,GEN
68bac639ff370da694e2642a,6825c30edbda2b3debc751ff,685fd30a267d3d01c364e657,68887d5a2c5282412771db4a,68876e3f6382aed3fb2065bc,6823469b436f44ab6db3154e,68774476dff1e9c4616e78dc,688777c776bc0350acbf56b4,212982,134945,1080,0.008,684ab4dce856ee7729dde255,72,0.634,GEN
68bac639ff370da694e2642f,6825c30edbda2b3debc751ff,685fd30a267d3d01c364e657,68887d5a2c5282412771db4a,68876e3f6382aed3fb2065bd,6823469b436f44ab6db3154e,68774476dff1e9c4616e78dc,68931c8328b5a7a167270326,219213,130065,18530,0.142,684ab4dce856ee7729dde255,73,0.593,SC
68bac639ff370da694e26430,6825c30edbda2b3debc751ff,685fd30a267d3d01c364e657,68887d5a2c5282412771db4a,68876e3f6382aed3fb2065bd,6872515c33ac34cbce8afc98,6877446edff1e9c4616e78d9,6895b201e35251fb74323c3b,206834,119776,275,0.002,684ab4dce856ee7729dde255,73,0.579,SC
68bac639ff370da694e26431,6825c30edbda2b3debc751ff,685fd30a267d3d01c364e657,68887d5a2c5282412771db4a,68876e3f6382aed3fb2065be,6823469b436f44ab6db3154e,6877446edff1e9c4616e78d9,688777c776bc0350acbf56b6,195025,119466,37546,0.314,684ab4dce856ee7729dde255,74,0.613,GEN
68bac639ff370da694e26432,6825c30edbda2b3debc751ff,685fd30a267d3d01c364e657,68887d5a2c5282412771db4a,68876e3f6382aed3fb2065be,6823469b436f44ab6db3154e,68774476dff1e9c4616e78dc,688777c776bc0350acbf56b6,204424,136118,18089,0.133,684ab4dce856ee7729dde255,74,0.666,GEN
68bac639ff370da694e26435,6825c30edbda2b3debc751ff,685fd30a267d3d01c364e657,68887d5a2c5282412771db4a,68876e3f6382aed3fb2065bf,6823469b436f44ab6db3154e,68774476dff1e9c4616e78dc,688777c776bc0350acbf56ac,202951,147109,7828,0.053,684ab4dce856ee7729dde255,75,0.725,GEN
68bac639ff370da694e26438,6825c30edbda2b3debc751ff,685fd30a267d3d01c364e657,68887d5a2c5282412771db4a,68876e3f6382aed3fb2065bf,6823469b436f44ab6db3154e,68774476dff1e9c4616e78dc,688777c776bc0350acbf56b7,202951,147109,7828,0.053,684ab4dce856ee7729dde255,75,0.725,GEN
68bac639ff370da694e2643b,6825c30edbda2b3debc751ff,685fd30a267d3d01c364e657,68887d5a2c5282412771db4a,68876e3f6382aed3fb2065bf,68316363fb08f1710d17d2d5,6877446edff1e9c4616e78d9,6895b201e35251fb74323c3c,193296,132307,1382,0.01,684ab4dce856ee7729dde255,75,0.684,GEN
68bac639ff370da694e2643c,6825c30edbda2b3debc751ff,685fd30a267d3d01c364e657,68887d5a2c5282412771db4b,68876e3f6382aed3fb2065c0,68316363fb08f1710d17d2d5,6877446edff1e9c4616e78d9,688777c776bc0350acbf56b8,215107,143600,19356,0.135,684ab4dce856ee7729dde255,76,0.668,GEN
68bac639ff370da694e2643f,6825c30edbda2b3debc751ff,685fd30a267d3d01c364e657,68887d5a2c5282412771db4b,68876e3f6382aed3fb2065c0,6823469b436f44ab6db3154e,68774476dff1e9c4616e78dc,68931c8328b5a7a16727034c,226965,157619,6402,0.041,684ab4dce856ee7729dde255,76,0.694,GEN
68bac639ff370da694e26442,6825c30edbda2b3debc751ff,685fd30a267d3d01c364e657,68887d5a2c5282412771db4b,68876e3f6382aed3fb2065c1,6823469b436f44ab6db3154e,68774476dff1e9c4616e78dc,68931c8328b5a7a167270309,222107,150167,19986,0.133,684ab4dce856ee7729dde255,77,0.676,GEN
68bac639ff370da694e26443,6825c30edbda2b3debc751ff,685fd30a267d3d01c364e657,68887d5a2c5282412771db4b,68876e3f6382aed3fb2065c1,6823469b436f44ab6db3154e,6877446edff1e9c4616e78d9,6895b201e35251fb74323c3d,213134,131791,2360,0.018,684ab4dce856ee7729dde255,77,0.618,GEN
68bac639ff370da694e26446,6825c30edbda2b3debc751ff,685fd30a267d3d01c364e657,68887d5a2c5282412771db4b,68876e3f6382aed3fb2065c2,68316363fb08f1710d17d2d5,68774476dff1e9c4616e78dc,68931c8328b5a7a167270306,221850,146905,31506,0.214,684ab4dce856ee7729dde255,78,0.662,GEN
68bac639ff370da694e26447,6825c30edbda2b3debc751ff,685fd30a267d3d01c364e657,68887d5a2c5282412771db4b,68876e3f6382aed3fb2065c2,68316363fb08f1710d17d2d5,6877446edff1e9c4616e78d9,6895b201e35251fb74323c3e,213879,135552,32556,0.24,684ab4dce856ee7729dde255,78,0.634,GEN
68bac639ff370da694e2644a,6825c30edbda2b3debc751ff,685fd30a267d3d01c364e657,68887d5a2c5282412771db4b,68876e3f6382aed3fb2065c3,6823469b436f44ab6db3154e,68774476dff1e9c4616e78dc,68931c8328b5a7a1672702ce,224907,151349,59248,0.391,684ab4dce856ee7729dde255,79,0.673,ST
68bac639ff370da694e2644b,6825c30edbda2b3debc751ff,685fd30a267d3d01c364e657,68887d5a2c5282412771db4b,68876e3f6382aed3fb2065c3,68316363fb08f1710d17d2d5,6877446edff1e9c4616e78d9,6895a419e35251fb743239e0,202596,135805,9845,0.072,684ab4dce856ee7729dde255,79,0.67,ST
68bac639ff370da694e2644e,6825c30edbda2b3debc751ff,685fd30a267d3d01c364e657,68887d5a2c5282412771db4b,68876e3f6382aed3fb2065c4,6823469b436f44ab6db3154e,68774476dff1e9c4616e78dc,68931c8328b5a7a16727033f,219175,148135,3726,0.025,684ab4dce856ee7729dde255,80,0.676,GEN
68bac639ff370da694e2644f,6825c30edbda2b3debc751ff,685fd30a267d3d01c364e657,68887d5a2c5282412771db4b,68876e3f6382aed3fb2065c4,6823469b436f44ab6db3154e,6877446edff1e9c4616e78d9,6895b201e35251fb74323c3f,214853,132558,10560,0.08,684ab4dce856ee7729dde255,80,0.617,GEN
68bac639ff370da694e26450,6825c30edbda2b3debc751ff,685fd30a267d3d01c364e657,68887d5a2c5282412771db4b,68876e3f6382aed3fb2065c5,6823469b436f44ab6db3154e,6877446edff1e9c4616e78d9,688777c776bc0350acbf56bd,213365,137515,33214,0.242,684ab4dce856ee7729dde255,81,0.645,SC
68bac639ff370da694e26453,6825c30edbda2b3debc751ff,685fd30a267d3d01c364e657,68887d5a2c5282412771db4b,68876e3f6382aed3fb2065c5,6823469b436f44ab6db3154e,68774476dff1e9c4616e78dc,68931c8328b5a7a167270352,210407,162289,10678,0.066,684ab4dce856ee7729dde255,81,0.771,SC
68bac639ff370da694e26454,6825c30edbda2b3debc751ff,685fd30a267d3d01c364e657,68887d5a2c5282412771db4b,68876e3f6382aed3fb2065c6,6823469b436f44ab6db3154e,6877446edff1e9c4616e78d9,688777c776bc0350acbf56be,206428,137722,19001,0.138,684ab4dce856ee7729dde255,82,0.667,ST
68bac639ff370da694e26455,6825c30edbda2b3debc751ff,685fd30a267d3d01c364e657,68887d5a2c5282412771db4b,68876e3f6382aed3fb2065c6,6823469b436f44ab6db3154e,68774476dff1e9c4616e78dc,688777c776bc0350acbf56be,221351,158976,3793,0.024,684ab4dce856ee7729dde255,82,0.718,ST
68bac639ff370da694e2645a,6825c30edbda2b3debc751ff,685fd30a267d3d01c364e657,68887d5a2c5282412771db4b,68876e3f6382aed3fb2065c7,6823469b436f44ab6db3154e,68774476dff1e9c4616e78dc,68931c8328b5a7a16727030a,254374,185991,32450,0.174,684ab4dce856ee7729dde255,83,0.731,ST
68bac639ff370da694e2645b,6825c30edbda2b3debc751ff,685fd30a267d3d01c364e657,68887d5a2c5282412771db4b,68876e3f6382aed3fb2065c7,68316363fb08f1710d17d2d5,6877446edff1e9c4616e78d9,6895a419e35251fb743239ce,238794,171891,17342,0.101,684ab4dce856ee7729dde255,83,0.72,ST
68bac639ff370da694e2645e,6825c30edbda2b3debc751ff,685fd318267d3d01c364e65f,68887d5a2c5282412771db4c,68876e3f6382aed3fb2065c8,6823469b436f44ab6db3154e,68774476dff1e9c4616e78dc,688777c776bc0350acbf56c1,232098,178946,17267,0.096,684ab4dce856ee7729dde255,84,0.771,ST
68bac639ff370da694e2645f,6825c30edbda2b3debc751ff,685fd318267d3d01c364e65f,68887d5a2c5282412771db4c,68876e3f6382aed3fb2065c8,6823469b436f44ab6db3154e,6877446edff1e9c4616e78d9,6895b201e35251fb74323c40,221914,160341,13963,0.087,684ab4dce856ee7729dde255,84,0.723,ST
68bac639ff370da694e26460,6825c30edbda2b3debc751ff,685fd318267d3d01c364e65f,68887d5a2c5282412771db4c,68876e3f6382aed3fb2065c9,6823469b436f44ab6db3154e,68774476dff1e9c4616e78dc,688777c776bc0350acbf56c0,228489,178066,4216,0.024,684ab4dce856ee7729dde255,85,0.779,ST
68bac639ff370da694e26463,6825c30edbda2b3debc751ff,685fd318267d3d01c364e65f,68887d5a2c5282412771db4c,68876e3f6382aed3fb2065c9,6823469b436f44ab6db3154e,6877446edff1e9c4616e78d9,6895a419e35251fb74323a05,219818,162229,11206,0.069,684ab4dce856ee7729dde255,85,0.738,ST
68bac639ff370da694e26466,6825c30edbda2b3debc751ff,685fd318267d3d01c364e65f,68887d5a2c5282412771db4c,68876e3f6382aed3fb2065ca,68316363fb08f1710d17d2d5,68774476dff1e9c4616e78dc,68931c8328b5a7a167270355,150155,109484,11429,0.104,684ab4dce856ee7729dde255,86,0.729,GEN
68bac639ff370da694e26467,6825c30edbda2b3debc751ff,685fd318267d3d01c364e65f,68887d5a2c5282412771db4c,68876e3f6382aed3fb2065ca,68316363fb08f1710d17d2d5,6877446edff1e9c4616e78d9,6895b201e35251fb74323c41,143765,102224,1546,0.015,684ab4dce856ee7729dde255,86,0.711,GEN
68bac639ff370da694e2646a,6825c30edbda2b3debc751ff,685fd318267d3d01c364e65f,68887d5a2c5282412771db4c,68876e3f6382aed3fb2065cb,68316363fb08f1710d17d2d5,68774476dff1e9c4616e78dc,68931c8328b5a7a1672702db,168582,123025,11561,0.094,684ab4dce856ee7729dde255,87,0.73,ST
68bac639ff370da694e2646b,6825c30edbda2b3debc751ff,685fd318267d3d01c364e65f,68887d5a2c5282412771db4c,68876e3f6382aed3fb2065cb,6823469b436f44ab6db3154e,6877446edff1e9c4616e78d9,6895b201e35251fb74323c42,184402,114295,11745,0.103,684ab4dce856ee7729dde255,87,0.62,ST
68bac639ff370da694e2646c,6825c30edbda2b3debc751ff,685fd318267d3d01c364e65f,68887d5a2c5282412771db4c,68876e3f6382aed3fb2065cc,68316363fb08f1710d17d2d5,6877446edff1e9c4616e78d9,688777c776bc0350acbf56c4,180401,132875,35647,0.268,684ab4dce856ee7729dde255,88,0.737,ST
68bac639ff370da694e2646d,6825c30edbda2b3debc751ff,685fd318267d3d01c364e65f,68887d5a2c5282412771db4c,68876e3f6382aed3fb2065cc,68316363fb08f1710d17d2d5,68774476dff1e9c4616e78dc,688777c776bc0350acbf56c4,185255,143605,21401,0.149,684ab4dce856ee7729dde255,88,0.775,ST
68bac639ff370da694e26472,6825c30edbda2b3debc751ff,685fd318267d3d01c364e65f,68887d5a2c5282412771db4c,68876e3f6382aed3fb2065cd,6823469b436f44ab6db3154e,68774476dff1e9c4616e78dc,68931c8328b5a7a16727034f,201326,156333,3903,0.025,684ab4dce856ee7729dde255,89,0.777,ST
68bac639ff370da694e26473,6825c30edbda2b3debc751ff,685fd318267d3d01c364e65f,68887d5a2c5282412771db4c,68876e3f6382aed3fb2065cd,6823469b436f44ab6db3154e,6877446edff1e9c4616e78d9,6895a419e35251fb743239c9,191041,138627,18645,0.134,684ab4dce856ee7729dde255,89,0.726,ST
68bac639ff370da694e26474,6825c30edbda2b3debc751ff,685fd318267d3d01c364e65f,68887d5a2c5282412771db4c,68876e3f6382aed3fb2065ce,6823469b436f44ab6db3154e,6877446edff1e9c4616e78d9,688777c776bc0350acbf56c6,216986,153939,43628,0.283,684ab4dce856ee7729dde255,90,0.709,ST
68bac639ff370da694e26475,6825c30edbda2b3debc751ff,685fd318267d3d01c364e65f,68887d5a2c5282412771db4c,68876e3f6382aed3fb2065ce,6823469b436f44ab6db3154e,68774476dff1e9c4616e78dc,688777c776bc0350acbf56c6,220161,170141,18655,0.11,684ab4dce856ee7729dde255,90,0.773,ST
68bac639ff370da694e2647a,6825c30edbda2b3debc751ff,685fd318267d3d01c364e65f,68887d5a2c5282412771db4c,68876e3f6382aed3fb2065cf,68316363fb08f1710d17d2d5,68774476dff1e9c4616e78dc,68931c8328b5a7a16727035f,217756,168194,21360,0.127,684ab4dce856ee7729dde255,91,0.772,ST
68bac639ff370da694e2647b,6825c30edbda2b3debc751ff,685fd318267d3d01c364e65f,68887d5a2c5282412771db4c,68876e3f6382aed3fb2065cf,6823469b436f44ab6db3154e,6877446edff1e9c4616e78d9,6895b201e35251fb74323c43,208605,144283,3287,0.023,684ab4dce856ee7729dde255,91,0.692,ST
68bac639ff370da694e2647c,6825c30edbda2b3debc751ff,685fd2fe267d3d01c364e64f,68887d5a2c5282412771db48,68876e3f6382aed3fb2065d0,6823469b436f44ab6db3154e,68774476dff1e9c4616e78dc,688777c776bc0350acbf56c8,207316,163156,13738,0.084,684ab4dce856ee7729dde255,92,0.787,GEN
68bac639ff370da694e2647f,6825c30edbda2b3debc751ff,685fd2fe267d3d01c364e64f,68887d5a2c5282412771db48,68876e3f6382aed3fb2065d0,68316363fb08f1710d17d2d5,6877446edff1e9c4616e78d9,6895a419e35251fb74323a6e,196457,146414,929,0.006,684ab4dce856ee7729dde255,92,0.745,GEN
68bac639ff370da694e26482,6825c30edbda2b3debc751ff,685fd2fe267d3d01c364e64f,68887d5a2c5282412771db48,68876e3f6382aed3fb2065d1,6823469b436f44ab6db3154e,68774476dff1e9c4616e78dc,68931c8328b5a7a167270344,230227,161078,16080,0.1,684ab4dce856ee7729dde255,93,0.7,GEN
68bac639ff370da694e26483,6825c30edbda2b3debc751ff,685fd2fe267d3d01c364e64f,68887d5a2c5282412771db48,68876e3f6382aed3fb2065d1,6823469b436f44ab6db3154e,6877446edff1e9c4616e78d9,6895b201e35251fb74323c44,214722,138565,47138,0.34,684ab4dce856ee7729dde255,93,0.645,GEN
68bac639ff370da694e26484,6825c30edbda2b3debc751ff,685fd2fe267d3d01c364e64f,68887d5a2c5282412771db48,68876e3f6382aed3fb2065d2,6823469b436f44ab6db3154e,68774476dff1e9c4616e78dc,688777c776bc0350acbf56ca,217628,176150,16435,0.093,684ab4dce856ee7729dde255,94,0.809,GEN
68bac639ff370da694e26487,6825c30edbda2b3debc751ff,685fd2fe267d3d01c364e64f,68887d5a2c5282412771db48,68876e3f6382aed3fb2065d2,6823469b436f44ab6db3154e,6877446edff1e9c4616e78d9,6895b201e35251fb74323c45,206498,155115,20918,0.135,684ab4dce856ee7729dde255,94,0.751,GEN
68bac639ff370da694e26488,6825c30edbda2b3debc751ff,685fd32b267d3d01c364e667,68887d5a2c5282412771db4d,68876e3f6382aed3fb2065d3,6823469b436f44ab6db3154e,68774476dff1e9c4616e78dc,688777c776bc0350acbf56cb,233186,182979,26712,0.146,684ab4dce856ee7729dde255,95,0.785,GEN
68bac639ff370da694e2648b,6825c30edbda2b3debc751ff,685fd32b267d3d01c364e667,68887d5a2c5282412771db4d,68876e3f6382aed3fb2065d3,68316363fb08f1710d17d2d5,6877446edff1e9c4616e78d9,6895b201e35251fb74323c46,218223,166642,12736,0.076,684ab4dce856ee7729dde255,95,0.764,GEN
68bac639ff370da694e2648e,6825c30edbda2b3debc751ff,685fd32b267d3d01c364e667,68887d5a2c5282412771db4d,68876e3f6382aed3fb2065d4,68316363fb08f1710d17d2d5,68774476dff1e9c4616e78dc,68931c8328b5a7a167270348,215908,170266,17563,0.103,684ab4dce856ee7729dde255,96,0.789,GEN
68bac639ff370da694e2648f,6825c30edbda2b3debc751ff,685fd32b267d3d01c364e667,68887d5a2c5282412771db4d,68876e3f6382aed3fb2065d4,6823469b436f44ab6db3154e,6877446edff1e9c4616e78d9,6895a419e35251fb743239cb,199811,144767,7399,0.051,684ab4dce856ee7729dde255,96,0.725,GEN
68bac639ff370da694e26492,6825c30edbda2b3debc751ff,685fd32b267d3d01c364e667,68887d5a2c5282412771db4d,68876e3f6382aed3fb2065d5,68316363fb08f1710d17d2d5,68774476dff1e9c4616e78dc,68931c8328b5a7a16727030e,228796,154356,35136,0.228,684ab4dce856ee7729dde255,97,0.675,SC
68bac639ff370da694e26493,6825c30edbda2b3debc751ff,685fd32b267d3d01c364e667,68887d5a2c5282412771db4d,68876e3f6382aed3fb2065d5,6823469b436f44ab6db3154e,6877446edff1e9c4616e78d9,6895a419e35251fb74323a00,209723,139285,1155,0.008,684ab4dce856ee7729dde255,97,0.664,SC
68bac639ff370da694e26496,6825c30edbda2b3debc751ff,685fd32b267d3d01c364e667,68887d5a2c5282412771db4d,68876e3f6382aed3fb2065d6,68316363fb08f1710d17d2d5,68774476dff1e9c4616e78dc,68931c8328b5a7a167270363,214041,140845,578,0.004,684ab4dce856ee7729dde255,98,0.658,GEN
68bac639ff370da694e26497,6825c30edbda2b3debc751ff,685fd32b267d3d01c364e667,68887d5a2c5282412771db4d,68876e3f6382aed3fb2065d6,6823469b436f44ab6db3154e,6877446edff1e9c4616e78d9,6895b201e35251fb74323c47,201439,126431,33563,0.265,684ab4dce856ee7729dde255,98,0.628,GEN
68bac639ff370da694e26498,6825c30edbda2b3debc751ff,685fd32b267d3d01c364e667,68887d5a2c5282412771db4d,68876e3f6382aed3fb2065d7,6823469b436f44ab6db3154e,6877446edff1e9c4616e78d9,688777c776bc0350acbf56cf,186123,118938,53741,0.452,684ab4dce856ee7729dde255,99,0.639,GEN
68bac639ff370da694e26499,6825c30edbda2b3debc751ff,685fd32b267d3d01c364e667,68887d5a2c5282412771db4d,68876e3f6382aed3fb2065d7,6823469b436f44ab6db3154e,68774476dff1e9c4616e78dc,688777c776bc0350acbf56cf,188991,124196,26585,0.214,684ab4dce856ee7729dde255,99,0.657,GEN
68bac639ff370da694e2649e,6825c30edbda2b3debc751ff,685fd32b267d3d01c364e667,68887d5a2c5282412771db4d,68876e3f6382aed3fb2065d8,68316363fb08f1710d17d2d5,6877446edff1e9c4616e78d9,68931c8328b5a7a16727035c,210590,134665,923,0.007,684ab4dce856ee7729dde255,100,0.639,GEN
68bac639ff370da694e2649f,6825c30edbda2b3debc751ff,685fd32b267d3d01c364e667,68887d5a2c5282412771db4d,68876e3f6382aed3fb2065d8,68316363fb08f1710d17d2d5,68774476dff1e9c4616e78dc,68931c8328b5a7a16727035c,239045,152160,18683,0.123,684ab4dce856ee7729dde255,100,0.637,GEN
68bac639ff370da694e264a0,6825c30edbda2b3debc751ff,685fd32b267d3d01c364e667,68887d5a2c5282412771db4d,68876e3f6382aed3fb2065d9,6823469b436f44ab6db3154e,68774476dff1e9c4616e78dc,688777c776bc0350acbf56d1,234795,180921,41733,0.231,684ab4dce856ee7729dde255,101,0.771,GEN
68bac639ff370da694e264a3,6825c30edbda2b3debc751ff,685fd32b267d3d01c364e667,68887d5a2c5282412771db4d,68876e3f6382aed3fb2065d9,6823469b436f44ab6db3154e,6877446edff1e9c4616e78d9,6895b201e35251fb74323c48,216922,148746,27954,0.188,684ab4dce856ee7729dde255,101,0.686,GEN
68bac639ff370da694e264a6,6825c30edbda2b3debc751ff,685fd32b267d3d01c364e667,68887d5a2c5282412771db4d,68876e3f6382aed3fb2065da,6823469b436f44ab6db3154e,68774476dff1e9c4616e78dc,68931c8328b5a7a167270351,213520,156862,6823,0.043,684ab4dce856ee7729dde255,102,0.735,ST
68bac639ff370da694e264a7,6825c30edbda2b3debc751ff,685fd32b267d3d01c364e667,68887d5a2c5282412771db4d,68876e3f6382aed3fb2065da,6823469b436f44ab6db3154e,6877446edff1e9c4616e78d9,6895b201e35251fb74323c49,196200,131819,15004,0.114,684ab4dce856ee7729dde255,102,0.672,ST
68bac639ff370da694e264a8,6825c30edbda2b3debc751ff,685fd32b267d3d01c364e667,68887d5a2c5282412771db4e,68876e3f6382aed3fb2065db,6823469b436f44ab6db3154e,6877446edff1e9c4616e78d9,688777c776bc0350acbf56d3,232233,172163,32681,0.19,684ab4dce856ee7729dde255,103,0.741,ST
68bac639ff370da694e264ab,6825c30edbda2b3debc751ff,685fd32b267d3d01c364e667,68887d5a2c5282412771db4e,68876e3f6382aed3fb2065db,68316363fb08f1710d17d2d5,68774476dff1e9c4616e78dc,68931c8328b5a7a1672702d7,244864,188004,33960,0.181,684ab4dce856ee7729dde255,103,0.768,ST
68bac639ff370da694e264ac,6825c30edbda2b3debc751ff,685fd32b267d3d01c364e667,68887d5a2c5282412771db4e,68876e3f6382aed3fb2065dc,68316363fb08f1710d17d2d5,6877446edff1e9c4616e78d9,688777c776bc0350acbf56d4,222229,170382,6388,0.037,684ab4dce856ee7729dde255,104,0.767,ST
68bac639ff370da694e264ad,6825c30edbda2b3debc751ff,685fd32b267d3d01c364e667,68887d5a2c5282412771db4e,68876e3f6382aed3fb2065dc,68316363fb08f1710d17d2d5,68774476dff1e9c4616e78dc,688777c776bc0350acbf56d4,233716,180726,32050,0.177,684ab4dce856ee7729dde255,104,0.773,ST
68bac639ff370da694e264b0,6825c30edbda2b3debc751ff,685fd32b267d3d01c364e667,68887d5a2c5282412771db4e,68876e3f6382aed3fb2065dd,68316363fb08f1710d17d2d5,68774476dff1e9c4616e78dc,688777c776bc0350acbf56d5,235475,181167,21388,0.118,684ab4dce856ee7729dde255,105,0.769,ST
68bac639ff370da694e264b3,6825c30edbda2b3debc751ff,685fd32b267d3d01c364e667,68887d5a2c5282412771db4e,68876e3f6382aed3fb2065dd,6823469b436f44ab6db3154e,6877446edff1e9c4616e78d9,6895b201e35251fb74323c4a,220753,162529,18316,0.113,684ab4dce856ee7729dde255,105,0.736,ST
68bac639ff370da694e264b6,6825c30edbda2b3debc751ff,685fd32b267d3d01c364e667,68887d5a2c5282412771db4e,68876e3f6382aed3fb2065de,68316363fb08f1710d17d2d5,68774476dff1e9c4616e78dc,68931c8328b5a7a1672702e9,238242,184512,28315,0.153,684ab4dce856ee7729dde255,106,0.774,ST
68bac639ff370da694e264b7,6825c30edbda2b3debc751ff,685fd32b267d3d01c364e667,68887d5a2c5282412771db4e,68876e3f6382aed3fb2065de,6823469b436f44ab6db3154e,6877446edff1e9c4616e78d9,6895a419e35251fb74323a35,223444,166182,10910,0.066,684ab4dce856ee7729dde255,106,0.744,ST
68bac639ff370da694e264ba,6825c30edbda2b3debc751ff,685fd32b267d3d01c364e667,68887d5a2c5282412771db4e,68876e3f6382aed3fb2065df,6823469b436f44ab6db3154e,68774476dff1e9c4616e78dc,68931c8328b5a7a1672702e2,242599,189549,12205,0.064,684ab4dce856ee7729dde255,107,0.781,ST
68bac639ff370da694e264bb,6825c30edbda2b3debc751ff,685fd32b267d3d01c364e667,68887d5a2c5282412771db4e,68876e3f6382aed3fb2065df,68316363fb08f1710d17d2d5,6877446edff1e9c4616e78d9,6895b201e35251fb74323c4b,231360,169518,3827,0.023,684ab4dce856ee7729dde255,107,0.733,ST
68bac639ff370da694e264bc,6825c30edbda2b3debc751ff,685fd32b267d3d01c364e667,68887d5a2c5282412771db4f,68876e3f6382aed3fb2065e0,68316363fb08f1710d17d2d5,68774476dff1e9c4616e78dc,688777c776bc0350acbf56d8,216663,168420,16480,0.098,684ab4dce856ee7729dde255,108,0.777,ST
68bac639ff370da694e264bf,6825c30edbda2b3debc751ff,685fd32b267d3d01c364e667,68887d5a2c5282412771db4f,68876e3f6382aed3fb2065e0,68316363fb08f1710d17d2d5,6877446edff1e9c4616e78d9,6895b201e35251fb74323c4c,201137,151250,32352,0.214,684ab4dce856ee7729dde255,108,0.752,ST
68bac639ff370da694e264c2,6825c30edbda2b3debc751ff,685fd32b267d3d01c364e667,68887d5a2c5282412771db4f,68876e3f6382aed3fb2065e1,68316363fb08f1710d17d2d5,68774476dff1e9c4616e78dc,68931c8328b5a7a1672702f8,222374,186456,18696,0.1,684ab4dce856ee7729dde255,109,0.838,GEN
68bac639ff370da694e264c3,6825c30edbda2b3debc751ff,685fd32b267d3d01c364e667,68887d5a2c5282412771db4f,68876e3f6382aed3fb2065e1,68316363fb08f1710d17d2d5,6877446edff1e9c4616e78d9,6895b201e35251fb74323c4d,208603,164077,31750,0.194,684ab4dce856ee7729dde255,109,0.787,GEN
68bac639ff370da694e264c6,6825c30edbda2b3debc751ff,685fd32b267d3d01c364e667,68887d5a2c5282412771db4f,68876e3f6382aed3fb2065e2,6823469b436f44ab6db3154e,68774476dff1e9c4616e78dc,68931c8328b5a7a16727033b,201729,168464,9608,0.057,684ab4dce856ee7729dde255,110,0.835,GEN
68bac639ff370da694e264c7,6825c30edbda2b3debc751ff,685fd32b267d3d01c364e667,68887d5a2c5282412771db4f,68876e3f6382aed3fb2065e2,68316363fb08f1710d17d2d5,6877446edff1e9c4616e78d9,6895a419e35251fb74323a3c,186985,150654,2849,0.019,684ab4dce856ee7729dde255,110,0.806,GEN
68bac639ff370da694e264ca,6825c30edbda2b3debc751ff,685fd32b267d3d01c364e667,68887d5a2c5282412771db4f,68876e3f6382aed3fb2065e3,6823469b436f44ab6db3154e,68774476dff1e9c4616e78dc,68931c8328b5a7a1672702ef,215678,174453,27654,0.159,684ab4dce856ee7729dde255,111,0.809,GEN
68bac639ff370da694e264cb,6825c30edbda2b3debc751ff,685fd32b267d3d01c364e667,68887d5a2c5282412771db4f,68876e3f6382aed3fb2065e3,6823469b436f44ab6db3154e,6877446edff1e9c4616e78d9,6895a419e35251fb743239c6,200404,157932,2500,0.016,684ab4dce856ee7729dde255,111,0.788,GEN
68bac639ff370da694e264ce,6825c30edbda2b3debc751ff,685fd32b267d3d01c364e667,68887d5a2c5282412771db4f,68876e3f6382aed3fb2065e4,687b68e7e2896790bbf59e30,68774476dff1e9c4616e78dc,68931c8328b5a7a167270328,184557,153644,3862,0.025,684ab4dce856ee7729dde255,112,0.833,GEN
68bac639ff370da694e264cf,6825c30edbda2b3debc751ff,685fd32b267d3d01c364e667,68887d5a2c5282412771db4f,68876e3f6382aed3fb2065e4,6823469b436f44ab6db3154e,6877446edff1e9c4616e78d9,6895a419e35251fb74323a6f,176352,140390,17938,0.128,684ab4dce856ee7729dde255,112,0.796,GEN
68bac639ff370da694e264d2,6825c30edbda2b3debc751ff,685fd32b267d3d01c364e667,68887d5a2c5282412771db4f,68876e3f6382aed3fb2065e5,68316363fb08f1710d17d2d5,68774476dff1e9c4616e78dc,68931c8328b5a7a16727035a,183937,152044,11750,0.077,684ab4dce856ee7729dde255,113,0.827,GEN
68bac639ff370da694e264d3,6825c30edbda2b3debc751ff,685fd32b267d3d01c364e667,68887d5a2c5282412771db4f,68876e3f6382aed3fb2065e5,6823469b436f44ab6db3154e,6877446edff1e9c4616e78d9,6895a419e35251fb74323a0f,174409,138427,19950,0.144,684ab4dce856ee7729dde255,113,0.794,GEN
68bac639ff370da694e264d4,6825c30edbda2b3debc751ff,685fd32b267d3d01c364e667,68887d5a2c5282412771db4f,68876e3f6382aed3fb2065e6,6823469b436f44ab6db3154e,6877446edff1e9c4616e78d9,688777c776bc0350acbf56de,207465,163571,269,0.002,684ab4dce856ee7729dde255,114,0.788,ST
68bac639ff370da694e264d7,6825c30edbda2b3debc751ff,685fd32b267d3d01c364e667,68887d5a2c5282412771db4f,68876e3f6382aed3fb2065e6,68316363fb08f1710d17d2d5,68774476dff1e9c4616e78dc,68baaced39ec0f7cddda040b,221624,185681,7527,0.041,684ab4dce856ee7729dde255,114,0.838,ST
68bac639ff370da694e264d8,6825c30edbda2b3debc751ff,685fd32b267d3d01c364e667,68887d5a2c5282412771db4f,68876e3f6382aed3fb2065e7,6823469b436f44ab6db3154e,68774476dff1e9c4616e78dc,688777c776bc0350acbf56df,243421,199998,22008,0.11,684ab4dce856ee7729dde255,115,0.822,GEN
68bac639ff370da694e264db,6825c30edbda2b3debc751ff,685fd32b267d3d01c364e667,68887d5a2c5282412771db4f,68876e3f6382aed3fb2065e7,687b68e7e2896790bbf59e30,6877446edff1e9c4616e78d9,6895b201e35251fb74323c4e,229902,176362,20916,0.119,684ab4dce856ee7729dde255,115,0.767,GEN
68bac639ff370da694e264de,6825c30edbda2b3debc751ff,685fd32b267d3d01c364e667,68887d5a2c5282412771db4e,68876e3f6382aed3fb2065e8,6823469b436f44ab6db3154e,68774476dff1e9c4616e78dc,68931c8328b5a7a167270338,234191,196971,6679,0.034,684ab4dce856ee7729dde255,116,0.841,GEN
68bac639ff370da694e264df,6825c30edbda2b3debc751ff,685fd32b267d3d01c364e667,68887d5a2c5282412771db4e,68876e3f6382aed3fb2065e8,68316363fb08f1710d17d2d5,6877446edff1e9c4616e78d9,6895b201e35251fb74323c4f,218535,177961,4803,0.027,684ab4dce856ee7729dde255,116,0.814,GEN
68bac639ff370da694e264e2,6825c30edbda2b3debc751ff,685fd32b267d3d01c364e667,68887d5a2c5282412771db4e,68876e3f6382aed3fb2065e9,68316363fb08f1710d17d2d5,68774476dff1e9c4616e78dc,68931c8328b5a7a167270367,258546,206298,12276,0.06,684ab4dce856ee7729dde255,117,0.798,ST
68bac639ff370da694e264e3,6825c30edbda2b3debc751ff,685fd32b267d3d01c364e667,68887d5a2c5282412771db4e,68876e3f6382aed3fb2065e9,68316363fb08f1710d17d2d5,6877446edff1e9c4616e78d9,68baacd339ec0f7cddda03fb,242371,182796,12781,0.07,684ab4dce856ee7729dde255,117,0.754,ST
68bac639ff370da694e264e6,6825c30edbda2b3debc751ff,685fd32b267d3d01c364e667,68887d5a2c5282412771db4e,68876e3f6382aed3fb2065ea,68316363fb08f1710d17d2d5,68774476dff1e9c4616e78dc,68931c8328b5a7a16727031d,193220,156272,12583,0.081,684ab4dce856ee7729dde255,118,0.809,SC
68bac639ff370da694e264e7,6825c30edbda2b3debc751ff,685fd32b267d3d01c364e667,68887d5a2c5282412771db4e,68876e3f6382aed3fb2065ea,6823469b436f44ab6db3154e,6877446edff1e9c4616e78d9,6895a419e35251fb743239ef,184788,139984,20171,0.144,684ab4dce856ee7729dde255,118,0.758,SC
68bac639ff370da694e264ea,6825c30edbda2b3debc751ff,685fd2f2267d3d01c364e647,68887d5a2c5282412771db51,68876e3f6382aed3fb2065eb,6823469b436f44ab6db3154e,68774476dff1e9c4616e78dc,68931c8328b5a7a1672702fc,207093,169184,14903,0.088,684ab4dce856ee7729dde255,119,0.817,GEN
68bac639ff370da694e264eb,6825c30edbda2b3debc751ff,685fd2f2267d3d01c364e647,68887d5a2c5282412771db51,68876e3f6382aed3fb2065eb,6823469b436f44ab6db3154e,6877446edff1e9c4616e78d9,6895b201e35251fb74323c50,200763,153386,48481,0.316,684ab4dce856ee7729dde255,119,0.764,GEN
68bac639ff370da694e264ee,6825c30edbda2b3debc751ff,685fd2f2267d3d01c364e647,68887d5a2c5282412771db51,68876e3f6382aed3fb2065ec,68316363fb08f1710d17d2d5,68774476dff1e9c4616e78dc,68931c8328b5a7a167270346,165884,139443,8643,0.062,684ab4dce856ee7729dde255,120,0.841,GEN
68bac639ff370da694e264ef,6825c30edbda2b3debc751ff,685fd2f2267d3d01c364e647,68887d5a2c5282412771db51,68876e3f6382aed3fb2065ec,6823469b436f44ab6db3154e,6877446edff1e9c4616e78d9,6895a419e35251fb74323a67,156610,125576,44602,0.355,684ab4dce856ee7729dde255,120,0.802,GEN
68bac639ff370da694e264f2,6825c30edbda2b3debc751ff,685fd2f2267d3d01c364e647,68887d5a2c5282412771db51,68876e3f6382aed3fb2065ed,68316363fb08f1710d17d2d5,68774476dff1e9c4616e78dc,68931c8328b5a7a167270356,182753,152573,15363,0.101,684ab4dce856ee7729dde255,121,0.835,GEN
68bac639ff370da694e264f3,6825c30edbda2b3debc751ff,685fd2f2267d3d01c364e647,68887d5a2c5282412771db51,68876e3f6382aed3fb2065ed,6823469b436f44ab6db3154e,6877446edff1e9c4616e78d9,6895a419e35251fb743239eb,172986,134019,25313,0.189,684ab4dce856ee7729dde255,121,0.775,GEN
68bac639ff370da694e264f4,6825c30edbda2b3debc751ff,685fd32b267d3d01c364e667,68887d5a2c5282412771db50,68876e3f6382aed3fb2065ee,68316363fb08f1710d17d2d5,68774476dff1e9c4616e78dc,688777c776bc0350acbf56e6,206945,165688,22688,0.137,684ab4dce856ee7729dde255,122,0.801,ST
68bac639ff370da694e264f7,6825c30edbda2b3debc751ff,685fd32b267d3d01c364e667,68887d5a2c5282412771db50,68876e3f6382aed3fb2065ee,6823469b436f44ab6db3154e,6877446edff1e9c4616e78d9,6895a419e35251fb74323a0c,199625,146156,20121,0.138,684ab4dce856ee7729dde255,122,0.732,ST
68bac639ff370da694e264f8,6825c30edbda2b3debc751ff,685fd32b267d3d01c364e667,68887d5a2c5282412771db50,68876e3f6382aed3fb2065ef,68316363fb08f1710d17d2d5,68774476dff1e9c4616e78dc,688777c776bc0350acbf56e7,222905,195760,10393,0.053,684ab4dce856ee7729dde255,123,0.878,ST
68bac639ff370da694e264fb,6825c30edbda2b3debc751ff,685fd32b267d3d01c364e667,68887d5a2c5282412771db50,68876e3f6382aed3fb2065ef,68316363fb08f1710d17d2d5,6877446edff1e9c4616e78d9,6895b201e35251fb74323c51,217515,171501,4063,0.024,684ab4dce856ee7729dde255,123,0.788,ST
68bac639ff370da694e264fe,6825c30edbda2b3debc751ff,685fd32b267d3d01c364e667,68887d5a2c5282412771db50,68876e3f6382aed3fb2065f0,68316363fb08f1710d17d2d5,68774476dff1e9c4616e78dc,68931c8328b5a7a1672702df,190614,168301,13004,0.077,684ab4dce856ee7729dde255,124,0.883,GEN
68bac639ff370da694e264ff,6825c30edbda2b3debc751ff,685fd32b267d3d01c364e667,68887d5a2c5282412771db50,68876e3f6382aed3fb2065f0,6823469b436f44ab6db3154e,6877446edff1e9c4616e78d9,6895b201e35251fb74323c52,179342,147632,13631,0.092,684ab4dce856ee7729dde255,124,0.823,GEN
68bac639ff370da694e26500,6825c30edbda2b3debc751ff,685fd32b267d3d01c364e667,68887d5a2c5282412771db50,68876e3f6382aed3fb2065f1,68316363fb08f1710d17d2d5,68774476dff1e9c4616e78dc,688777c776bc0350acbf56e9,187493,169026,20472,0.121,684ab4dce856ee7729dde255,125,0.902,GEN
68bac639ff370da694e26503,6825c30edbda2b3debc751ff,685fd32b267d3d01c364e667,68887d5a2c5282412771db50,68876e3f6382aed3fb2065f1,6823469b436f44ab6db3154e,6877446edff1e9c4616e78d9,6895a419e35251fb74323a51,178524,144743,8416,0.058,684ab4dce856ee7729dde255,125,0.811,GEN
68bac639ff370da694e26506,6825c30edbda2b3debc751ff,685fd32b267d3d01c364e667,68887d5a2c5282412771db50,68876e3f6382aed3fb2065f2,68316363fb08f1710d17d2d5,68774476dff1e9c4616e78dc,68931c8328b5a7a1672702e1,247511,203324,14547,0.072,684ab4dce856ee7729dde255,126,0.821,GEN
68bac639ff370da694e26507,6825c30edbda2b3debc751ff,685fd32b267d3d01c364e667,68887d5a2c5282412771db50,68876e3f6382aed3fb2065f2,6823469b436f44ab6db3154e,6877446edff1e9c4616e78d9,6895b201e35251fb74323c53,231967,178020,24778,0.139,684ab4dce856ee7729dde255,126,0.767,GEN
68bac639ff370da694e26508,6825c30edbda2b3debc751ff,685fd32b267d3d01c364e667,68887d5a2c5282412771db50,68876e3f6382aed3fb2065f3,68316363fb08f1710d17d2d5,68774476dff1e9c4616e78dc,688777c776bc0350acbf56eb,198539,161392,12734,0.079,684ab4dce856ee7729dde255,127,0.813,SC
68bac639ff370da694e2650b,6825c30edbda2b3debc751ff,685fd32b267d3d01c364e667,68887d5a2c5282412771db50,68876e3f6382aed3fb2065f3,68316363fb08f1710d17d2d5,6877446edff1e9c4616e78d9,6895b201e35251fb74323c54,190326,148586,6862,0.046,684ab4dce856ee7729dde255,127,0.781,SC
68bac639ff370da694e2650e,6825c30edbda2b3debc751ff,685fd32b267d3d01c364e667,68887d5a2c5282412771db50,68876e3f6382aed3fb2065f4,68316363fb08f1710d17d2d5,68774476dff1e9c4616e78dc,68931c8328b5a7a167270321,190926,162115,21349,0.132,684ab4dce856ee7729dde255,128,0.849,ST
68bac639ff370da694e2650f,6825c30edbda2b3debc751ff,685fd32b267d3d01c364e667,68887d5a2c5282412771db50,68876e3f6382aed3fb2065f4,68316363fb08f1710d17d2d5,6877446edff1e9c4616e78d9,6895b201e35251fb74323c55,180287,141169,1478,0.01,684ab4dce856ee7729dde255,128,0.783,ST
68bac639ff370da694e26512,6825c30edbda2b3debc751ff,685fd2f2267d3d01c364e647,68887d5a2c5282412771db5c,68876e3f6382aed3fb2065f5,68316363fb08f1710d17d2d5,68774476dff1e9c4616e78dc,68931c8328b5a7a167270353,203830,170002,17250,0.101,684ab4dce856ee7729dde255,129,0.834,GEN
68bac639ff370da694e26513,6825c30edbda2b3debc751ff,685fd2f2267d3d01c364e647,68887d5a2c5282412771db5c,68876e3f6382aed3fb2065f5,6823469b436f44ab6db3154e,6877446edff1e9c4616e78d9,6895b201e35251fb74323c56,196923,147706,31869,0.216,684ab4dce856ee7729dde255,129,0.75,GEN
68bac639ff370da694e26514,6825c30edbda2b3debc751ff,685fd2f2267d3d01c364e647,68887d5a2c5282412771db5c,68876e3f6382aed3fb2065f6,6823469b436f44ab6db3154e,68774476dff1e9c4616e78dc,688777c776bc0350acbf56ee,210220,155904,19197,0.123,684ab4dce856ee7729dde255,130,0.742,SC
68bac639ff370da694e26517,6825c30edbda2b3debc751ff,685fd2f2267d3d01c364e647,68887d5a2c5282412771db5c,68876e3f6382aed3fb2065f6,6823469b436f44ab6db3154e,6877446edff1e9c4616e78d9,6895a419e35251fb743239bb,197368,135259,39602,0.293,684ab4dce856ee7729dde255,130,0.685,SC
68bac639ff370da694e26518,6825c30edbda2b3debc751ff,685fd2f2267d3d01c364e647,68887d5a2c5282412771db5c,68876e3f6382aed3fb2065f7,6823469b436f44ab6db3154e,6877446edff1e9c4616e78d9,688777c776bc0350acbf56ef,210367,153218,24347,0.159,684ab4dce856ee7729dde255,131,0.728,GEN
68bac639ff370da694e2651b,6825c30edbda2b3debc751ff,685fd2f2267d3d01c364e647,68887d5a2c5282412771db5c,68876e3f6382aed3fb2065f7,68316363fb08f1710d17d2d5,68774476dff1e9c4616e78dc,68931c8328b5a7a167270320,226999,183370,21645,0.118,684ab4dce856ee7729dde255,131,0.808,GEN
68bac639ff370da694e2651e,6825c30edbda2b3debc751ff,685fd2f2267d3d01c364e647,68887d5a2c5282412771db5c,68876e3f6382aed3fb2065f8,68316363fb08f1710d17d2d5,68774476dff1e9c4616e78dc,68931c8328b5a7a1672702dd,220964,190747,17927,0.094,684ab4dce856ee7729dde255,132,0.863,ST
68bac639ff370da694e2651f,6825c30edbda2b3debc751ff,685fd2f2267d3d01c364e647,68887d5a2c5282412771db5c,68876e3f6382aed3fb2065f8,6823469b436f44ab6db3154e,6877446edff1e9c4616e78d9,6895b201e35251fb74323c57,206609,155353,8084,0.052,684ab4dce856ee7729dde255,132,0.752,ST
68bac639ff370da694e26522,6825c30edbda2b3debc751ff,685fd2f2267d3d01c364e647,68887d5a2c5282412771db5c,68876e3f6382aed3fb2065f9,68316363fb08f1710d17d2d5,68774476dff1e9c4616e78dc,68931c8328b5a7a1672702e6,223408,192801,30880,0.16,684ab4dce856ee7729dde255,133,0.863,ST
68bac639ff370da694e26523,6825c30edbda2b3debc751ff,685fd2f2267d3d01c364e647,68887d5a2c5282412771db5c,68876e3f6382aed3fb2065f9,6823469b436f44ab6db3154e,6877446edff1e9c4616e78d9,6895b201e35251fb74323c58,210862,153465,13276,0.087,684ab4dce856ee7729dde255,133,0.728,ST
68bac639ff370da694e26526,6825c30edbda2b3debc751ff,685fd2f2267d3d01c364e647,68887d5a2c5282412771db5c,68876e3f6382aed3fb2065fa,6823469b436f44ab6db3154e,68774476dff1e9c4616e78dc,68931c8328b5a7a167270345,169055,137732,2213,0.016,684ab4dce856ee7729dde255,134,0.815,ST
68bac639ff370da694e26527,6825c30edbda2b3debc751ff,685fd2f2267d3d01c364e647,68887d5a2c5282412771db5c,68876e3f6382aed3fb2065fa,6823469b436f44ab6db3154e,6877446edff1e9c4616e78d9,6895b201e35251fb74323c59,159961,116764,16507,0.141,684ab4dce856ee7729dde255,134,0.73,ST
68bac639ff370da694e2652a,6825c30edbda2b3debc751ff,685fd2f2267d3d01c364e647,68887d5a2c5282412771db5c,68876e3f6382aed3fb2065fb,6823469b436f44ab6db3154e,68774476dff1e9c4616e78dc,68931c8328b5a7a167270304,210579,171672,6667,0.039,684ab4dce856ee7729dde255,135,0.815,GEN
68bac639ff370da694e2652b,6825c30edbda2b3debc751ff,685fd2f2267d3d01c364e647,68887d5a2c5282412771db5c,68876e3f6382aed3fb2065fb,68316363fb08f1710d17d2d5,6877446edff1e9c4616e78d9,6895b201e35251fb74323c5a,199411,151497,4651,0.031,684ab4dce856ee7729dde255,135,0.76,GEN
68bac639ff370da694e2652e,6825c30edbda2b3debc751ff,685fd2f2267d3d01c364e647,68887d5a2c5282412771db51,68876e3f6382aed3fb2065fc,6823469b436f44ab6db3154e,68774476dff1e9c4616e78dc,68931c8328b5a7a16727032a,212583,185078,11604,0.063,684ab4dce856ee7729dde255,136,0.871,GEN
68bac639ff370da694e2652f,6825c30edbda2b3debc751ff,685fd2f2267d3d01c364e647,68887d5a2c5282412771db51,68876e3f6382aed3fb2065fc,6823469b436f44ab6db3154e,6877446edff1e9c4616e78d9,6895b201e35251fb74323c5b,203862,161137,12547,0.078,684ab4dce856ee7729dde255,136,0.79,GEN
68bac639ff370da694e26532,6825c30edbda2b3debc751ff,685fd2f2267d3d01c364e647,68887d5a2c5282412771db51,68876e3f6382aed3fb2065fd,6823469b436f44ab6db3154e,68774476dff1e9c4616e78dc,68931c8328b5a7a1672702ed,204073,155716,15217,0.098,684ab4dce856ee7729dde255,137,0.763,GEN
68bac639ff370da694e26533,6825c30edbda2b3debc751ff,685fd2f2267d3d01c364e647,68887d5a2c5282412771db51,68876e3f6382aed3fb2065fd,6823469b436f44ab6db3154e,6877446edff1e9c4616e78d9,6895b201e35251fb74323c5c,197459,139630,49296,0.353,684ab4dce856ee7729dde255,137,0.707,GEN
68bac639ff370da694e26534,6825c30edbda2b3debc751ff,685fd2f2267d3d01c364e647,68887d5a2c5282412771db51,68876e3f6382aed3fb2065fe,6823469b436f44ab6db3154e,6877446edff1e9c4616e78d9,688777c776bc0350acbf56f6,206211,167652,28891,0.172,684ab4dce856ee7729dde255,138,0.813,GEN
68bac639ff370da694e26535,6825c30edbda2b3debc751ff,685fd2f2267d3d01c364e647,68887d5a2c5282412771db51,68876e3f6382aed3fb2065fe,6823469b436f44ab6db3154e,68774476dff1e9c4616e78dc,688777c776bc0350acbf56f6,213703,179321,11417,0.064,684ab4dce856ee7729dde255,138,0.839,GEN
68bac639ff370da694e26538,6825c30edbda2b3debc751ff,685fd2f2267d3d01c364e647,68887d5a2c5282412771db51,68876e3f6382aed3fb2065ff,6823469b436f44ab6db3154e,68774476dff1e9c4616e78dc,688777c776bc0350acbf56f7,201471,165311,18130,0.11,684ab4dce856ee7729dde255,139,0.821,SC
68bac639ff370da694e2653b,6825c30edbda2b3debc751ff,685fd2f2267d3d01c364e647,68887d5a2c5282412771db51,68876e3f6382aed3fb2065ff,6823469b436f44ab6db3154e,6877446edff1e9c4616e78d9,6895b201e35251fb74323c5d,193695,147251,51157,0.347,684ab4dce856ee7729dde255,139,0.76,SC
68bac639ff370da694e2653e,6825c30edbda2b3debc751ff,685fd2f2267d3d01c364e647,68887d5a2c5282412771db51,68876e3f6382aed3fb206600,68316363fb08f1710d17d2d5,68774476dff1e9c4616e78dc,68931c8328b5a7a1672702e3,225674,173639,8001,0.046,684ab4dce856ee7729dde255,140,0.769,GEN
68bac639ff370da694e2653f,6825c30edbda2b3debc751ff,685fd2f2267d3d01c364e647,68887d5a2c5282412771db51,68876e3f6382aed3fb206600,6823469b436f44ab6db3154e,6877446edff1e9c4616e78d9,6895b201e35251fb74323c5e,218143,148116,44053,0.297,684ab4dce856ee7729dde255,140,0.679,GEN
68bac639ff370da694e26540,6825c30edbda2b3debc751ff,685fd2e5267d3d01c364e63f,68887d5a2c5282412771db52,68876e3f6382aed3fb206601,6823469b436f44ab6db3154e,6877446edff1e9c4616e78d9,688777c776bc0350acbf56f9,220024,156498,20149,0.129,684ab4dce856ee7729dde255,141,0.711,GEN
68bac639ff370da694e26541,6825c30edbda2b3debc751ff,685fd2e5267d3d01c364e63f,68887d5a2c5282412771db52,68876e3f6382aed3fb206601,6823469b436f44ab6db3154e,68774476dff1e9c4616e78dc,688777c776bc0350acbf56f9,235822,173242,29486,0.17,684ab4dce856ee7729dde255,141,0.735,GEN
68bac639ff370da694e26544,6825c30edbda2b3debc751ff,685fd2e5267d3d01c364e63f,68887d5a2c5282412771db52,68876e3f6382aed3fb206602,6823469b436f44ab6db3154e,68774476dff1e9c4616e78dc,688777c776bc0350acbf56fa,235367,174135,10813,0.062,684ab4dce856ee7729dde255,142,0.74,SC
68bac639ff370da694e26547,6825c30edbda2b3debc751ff,685fd2e5267d3d01c364e63f,68887d5a2c5282412771db52,68876e3f6382aed3fb206602,6823469b436f44ab6db3154e,6877446edff1e9c4616e78d9,6895a419e35251fb74323a4d,224455,155496,20936,0.135,684ab4dce856ee7729dde255,142,0.693,SC
68bac639ff370da694e2654a,6825c30edbda2b3debc751ff,685fd2e5267d3d01c364e63f,68887d5a2c5282412771db52,68876e3f6382aed3fb206603,6823469b436f44ab6db3154e,6877446edff1e9c4616e78d9,68931c8328b5a7a167270340,187598,138958,17078,0.123,684ab4dce856ee7729dde255,143,0.741,GEN
68bac639ff370da694e2654b,6825c30edbda2b3debc751ff,685fd2e5267d3d01c364e63f,68887d5a2c5282412771db52,68876e3f6382aed3fb206603,6823469b436f44ab6db3154e,68774476dff1e9c4616e78dc,68931c8328b5a7a167270340,195836,154393,7072,0.046,684ab4dce856ee7729dde255,143,0.788,GEN
68bac639ff370da694e2654e,6825c30edbda2b3debc751ff,685fd2e5267d3d01c364e63f,68887d5a2c5282412771db52,68876e3f6382aed3fb206604,68316363fb08f1710d17d2d5,68774476dff1e9c4616e78dc,68931c8328b5a7a16727034d,200318,151502,15454,0.102,684ab4dce856ee7729dde255,144,0.756,GEN
68bac639ff370da694e2654f,6825c30edbda2b3debc751ff,685fd2e5267d3d01c364e63f,68887d5a2c5282412771db52,68876e3f6382aed3fb206604,6823469b436f44ab6db3154e,6877446edff1e9c4616e78d9,6895b201e35251fb74323c5f,188616,133983,16966,0.127,684ab4dce856ee7729dde255,144,0.71,GEN
68bac639ff370da694e26552,6825c30edbda2b3debc751ff,685fd2e5267d3d01c364e63f,68887d5a2c5282412771db52,68876e3f6382aed3fb206605,6823469b436f44ab6db3154e,68774476dff1e9c4616e78dc,68931c8328b5a7a167270311,183980,145011,10226,0.071,684ab4dce856ee7729dde255,145,0.788,GEN
68bac639ff370da694e26553,6825c30edbda2b3debc751ff,685fd2e5267d3d01c364e63f,68887d5a2c5282412771db52,68876e3f6382aed3fb206605,68316363fb08f1710d17d2d5,6877446edff1e9c4616e78d9,6895b201e35251fb74323c60,177725,129731,16159,0.125,684ab4dce856ee7729dde255,145,0.73,GEN
68bac639ff370da694e26554,6825c30edbda2b3debc751ff,685fd2fe267d3d01c364e64f,68887d5a2c5282412771db45,68876e3f6382aed3fb206606,6823469b436f44ab6db3154e,68774476dff1e9c4616e78dc,688777c776bc0350acbf56fe,201942,152854,16695,0.109,684ab4dce856ee7729dde255,146,0.757,SC
68bac639ff370da694e26557,6825c30edbda2b3debc751ff,685fd2fe267d3d01c364e64f,68887d5a2c5282412771db45,68876e3f6382aed3fb206606,6823469b436f44ab6db3154e,6877446edff1e9c4616e78d9,6895a419e35251fb74323a19,198690,138502,4081,0.029,684ab4dce856ee7729dde255,146,0.697,SC
68bac639ff370da694e26558,6825c30edbda2b3debc751ff,685fd2fe267d3d01c364e64f,68887d5a2c5282412771db45,68876e3f6382aed3fb206607,6823469b436f44ab6db3154e,68774476dff1e9c4616e78dc,688777c776bc0350acbf56ff,190418,150798,34734,0.23,684ab4dce856ee7729dde255,147,0.792,GEN
68bac639ff370da694e2655b,6825c30edbda2b3debc751ff,685fd2fe267d3d01c364e64f,68887d5a2c5282412771db45,68876e3f6382aed3fb206607,68316363fb08f1710d17d2d5,6877446edff1e9c4616e78d9,6895b201e35251fb74323c61,185558,139914,1584,0.011,684ab4dce856ee7729dde255,147,0.754,GEN
68bac639ff370da694e2655c,6825c30edbda2b3debc751ff,685fd2fe267d3d01c364e64f,68887d5a2c5282412771db45,68876e3f6382aed3fb206608,6823469b436f44ab6db3154e,6877446edff1e9c4616e78d9,688777c776bc0350acbf5700,167287,120030,3158,0.026,684ab4dce856ee7729dde255,148,0.718,GEN
68bac639ff370da694e2655f,6825c30edbda2b3debc751ff,685fd2fe267d3d01c364e64f,68887d5a2c5282412771db45,68876e3f6382aed3fb206608,6823469b436f44ab6db3154e,68774476dff1e9c4616e78dc,68931c8328b5a7a167270334,172199,130388,7340,0.056,684ab4dce856ee7729dde255,148,0.757,GEN
68bac639ff370da694e26560,6825c30edbda2b3debc751ff,685fd2e5267d3d01c364e63f,68887d5a2c5282412771db53,68876e3f6382aed3fb206609,6823469b436f44ab6db3154e,6877446edff1e9c4616e78d9,688777c776bc0350acbf5701,195478,136190,29304,0.215,684ab4dce856ee7729dde255,149,0.697,SC
68bac639ff370da694e26561,6825c30edbda2b3debc751ff,685fd2e5267d3d01c364e63f,68887d5a2c5282412771db53,68876e3f6382aed3fb206609,6823469b436f44ab6db3154e,68774476dff1e9c4616e78dc,688777c776bc0350acbf5701,209372,161070,13779,0.086,684ab4dce856ee7729dde255,149,0.769,SC
68bac639ff370da694e26566,6825c30edbda2b3debc751ff,685fd2e5267d3d01c364e63f,68887d5a2c5282412771db53,68876e3f6382aed3fb20660a,68316363fb08f1710d17d2d5,6877446edff1e9c4616e78d9,68931c8328b5a7a1672702d0,232794,141786,6664,0.047,684ab4dce856ee7729dde255,150,0.609,GEN
68bac639ff370da694e26567,6825c30edbda2b3debc751ff,685fd2e5267d3d01c364e63f,68887d5a2c5282412771db53,68876e3f6382aed3fb20660a,68316363fb08f1710d17d2d5,68774476dff1e9c4616e78dc,68931c8328b5a7a1672702d0,244524,152452,34857,0.229,684ab4dce856ee7729dde255,150,0.623,GEN
68bac639ff370da694e26568,6825c30edbda2b3debc751ff,685fd2e5267d3d01c364e63f,68887d5a2c5282412771db53,68876e3f6382aed3fb20660b,6823469b436f44ab6db3154e,68774476dff1e9c4616e78dc,688777c776bc0350acbf5703,320062,202959,23151,0.114,684ab4dce856ee7729dde255,151,0.634,GEN
68bac639ff370da694e2656b,6825c30edbda2b3debc751ff,685fd2e5267d3d01c364e63f,68887d5a2c5282412771db53,68876e3f6382aed3fb20660b,6823469b436f44ab6db3154e,6877446edff1e9c4616e78d9,6895a419e35251fb74323a2f,272849,174307,26970,0.155,684ab4dce856ee7729dde255,151,0.639,GEN
68bac639ff370da694e2656e,6825c30edbda2b3debc751ff,685fd2e5267d3d01c364e63f,68887d5a2c5282412771db53,68876e3f6382aed3fb20660c,68316363fb08f1710d17d2d5,68774476dff1e9c4616e78dc,68931c8328b5a7a167270324,232106,136344,6587,0.048,684ab4dce856ee7729dde255,152,0.587,GEN
68bac639ff370da694e2656f,6825c30edbda2b3debc751ff,685fd2e5267d3d01c364e63f,68887d5a2c5282412771db53,68876e3f6382aed3fb20660c,6823469b436f44ab6db3154e,6877446edff1e9c4616e78d9,6895a419e35251fb743239d6,207881,128525,18198,0.142,684ab4dce856ee7729dde255,152,0.618,GEN
68bac639ff370da694e26570,6825c30edbda2b3debc751ff,685fd2e5267d3d01c364e63f,68887d5a2c5282412771db53,68876e3f6382aed3fb20660d,68316363fb08f1710d17d2d5,68774476dff1e9c4616e78dc,688777c776bc0350acbf5705,245213,142552,14757,0.104,684ab4dce856ee7729dde255,153,0.581,GEN
68bac639ff370da694e26573,6825c30edbda2b3debc751ff,685fd2e5267d3d01c364e63f,68887d5a2c5282412771db53,68876e3f6382aed3fb20660d,6823469b436f44ab6db3154e,6877446edff1e9c4616e78d9,6895a419e35251fb743239d7,225193,137134,6981,0.051,684ab4dce856ee7729dde255,153,0.609,GEN
68bac639ff370da694e26574,6825c30edbda2b3debc751ff,685fd2e5267d3d01c364e63f,68887d5a2c5282412771db53,68876e3f6382aed3fb20660e,6823469b436f44ab6db3154e,68774476dff1e9c4616e78dc,688777c776bc0350acbf5706,350979,214302,46359,0.216,684ab4dce856ee7729dde255,154,0.611,GEN
68bac639ff370da694e26577,6825c30edbda2b3debc751ff,685fd2e5267d3d01c364e63f,68887d5a2c5282412771db53,68876e3f6382aed3fb20660e,6823469b436f44ab6db3154e,6877446edff1e9c4616e78d9,6895b201e35251fb74323c62,298027,177190,70644,0.399,684ab4dce856ee7729dde255,154,0.595,GEN
68bac639ff370da694e26578,6825c30edbda2b3debc751ff,685fd2e5267d3d01c364e63f,68887d5a2c5282412771db53,68876e3f6382aed3fb20660f,6823469b436f44ab6db3154e,6877446edff1e9c4616e78d9,688777c776bc0350acbf5707,257213,163746,59604,0.364,684ab4dce856ee7729dde255,155,0.637,GEN
68bac639ff370da694e26579,6825c30edbda2b3debc751ff,685fd2e5267d3d01c364e63f,68887d5a2c5282412771db53,68876e3f6382aed3fb20660f,6823469b436f44ab6db3154e,68774476dff1e9c4616e78dc,688777c776bc0350acbf5707,302133,206339,15725,0.076,684ab4dce856ee7729dde255,155,0.683,GEN
68bac639ff370da694e2657c,6825c30edbda2b3debc751ff,685fd2e5267d3d01c364e63f,68887d5a2c5282412771db52,68876e3f6382aed3fb206610,6823469b436f44ab6db3154e,6877446edff1e9c4616e78d9,688777c776bc0350acbf5708,230789,181692,84805,0.467,684ab4dce856ee7729dde255,156,0.787,GEN
68bac639ff370da694e2657d,6825c30edbda2b3debc751ff,685fd2e5267d3d01c364e63f,68887d5a2c5282412771db52,68876e3f6382aed3fb206610,6823469b436f44ab6db3154e,68774476dff1e9c4616e78dc,688777c776bc0350acbf5708,241086,203186,58999,0.29,684ab4dce856ee7729dde255,156,0.843,GEN
68bac639ff370da694e26582,6825c30edbda2b3debc751ff,685fd2cf267d3d01c364e637,68887d5a2c5282412771db55,68876e3f6382aed3fb206611,6823469b436f44ab6db3154e,68774476dff1e9c4616e78dc,68931c8328b5a7a16727032e,237769,204178,6044,0.03,684ab4dce856ee7729dde255,157,0.859,SC
68bac639ff370da694e26583,6825c30edbda2b3debc751ff,685fd2cf267d3d01c364e637,68887d5a2c5282412771db55,68876e3f6382aed3fb206611,6823469b436f44ab6db3154e,6877446edff1e9c4616e78d9,6895a419e35251fb743239bd,230646,183818,5504,0.03,684ab4dce856ee7729dde255,157,0.797,SC
68bac639ff370da694e26584,6825c30edbda2b3debc751ff,685fd2e5267d3d01c364e63f,68887d5a2c5282412771db52,68876e3f6382aed3fb206612,6823469b436f44ab6db3154e,68774476dff1e9c4616e78dc,688777c776bc0350acbf570a,196795,170838,15869,0.093,684ab4dce856ee7729dde255,158,0.868,GEN
68bac639ff370da694e26587,6825c30edbda2b3debc751ff,685fd2e5267d3d01c364e63f,68887d5a2c5282412771db52,68876e3f6382aed3fb206612,68316363fb08f1710d17d2d5,6877446edff1e9c4616e78d9,6895b201e35251fb74323c63,189767,158213,744,0.005,684ab4dce856ee7729dde255,158,0.834,GEN
68bac639ff370da694e26588,6825c30edbda2b3debc751ff,685fd2e5267d3d01c364e63f,68887d5a2c5282412771db53,68876e3f6382aed3fb206613,687b68e7e2896790bbf59e30,6877446edff1e9c4616e78d9,688777c776bc0350acbf570b,188747,140635,1626,0.012,684ab4dce856ee7729dde255,159,0.745,GEN
68bac639ff370da694e26589,6825c30edbda2b3debc751ff,685fd2e5267d3d01c364e63f,68887d5a2c5282412771db53,68876e3f6382aed3fb206613,6823469b436f44ab6db3154e,68774476dff1e9c4616e78dc,688777c776bc0350acbf570b,197550,157047,20644,0.131,684ab4dce856ee7729dde255,159,0.795,GEN
68bac639ff370da694e2658e,6825c30edbda2b3debc751ff,685fd2e5267d3d01c364e63f,68887d5a2c5282412771db54,68876e3f6382aed3fb206614,6823469b436f44ab6db3154e,68774476dff1e9c4616e78dc,68931c8328b5a7a167270336,207056,170316,9534,0.056,684ab4dce856ee7729dde255,160,0.823,GEN
68bac639ff370da694e2658f,6825c30edbda2b3debc751ff,685fd2e5267d3d01c364e63f,68887d5a2c5282412771db54,68876e3f6382aed3fb206614,68316363fb08f1710d17d2d5,6877446edff1e9c4616e78d9,6895b201e35251fb74323c64,196191,154794,23018,0.149,684ab4dce856ee7729dde255,160,0.789,GEN
68bac639ff370da694e26590,6825c30edbda2b3debc751ff,685fd2e5267d3d01c364e63f,68887d5a2c5282412771db54,68876e3f6382aed3fb206615,6823469b436f44ab6db3154e,6877446edff1e9c4616e78d9,688777c776bc0350acbf570d,203029,158068,3088,0.02,684ab4dce856ee7729dde255,161,0.779,GEN
68bac639ff370da694e26593,6825c30edbda2b3debc751ff,685fd2e5267d3d01c364e63f,68887d5a2c5282412771db54,68876e3f6382aed3fb206615,68316363fb08f1710d17d2d5,68774476dff1e9c4616e78dc,68931c8328b5a7a1672702f3,210783,174833,826,0.005,684ab4dce856ee7729dde255,161,0.829,GEN
68bac639ff370da694e26596,6825c30edbda2b3debc751ff,685fd2e5267d3d01c364e63f,68887d5a2c5282412771db54,68876e3f6382aed3fb206616,68316363fb08f1710d17d2d5,68774476dff1e9c4616e78dc,68931c8328b5a7a1672702d5,200817,172623,31183,0.181,684ab4dce856ee7729dde255,162,0.86,GEN
68bac639ff370da694e26597,6825c30edbda2b3debc751ff,685fd2e5267d3d01c364e63f,68887d5a2c5282412771db54,68876e3f6382aed3fb206616,6823469b436f44ab6db3154e,6877446edff1e9c4616e78d9,6895b201e35251fb74323c65,195448,151967,51211,0.337,684ab4dce856ee7729dde255,162,0.778,GEN
68bac639ff370da694e2659a,6825c30edbda2b3debc751ff,685fd2e5267d3d01c364e63f,68887d5a2c5282412771db54,68876e3f6382aed3fb206617,68316363fb08f1710d17d2d5,68774476dff1e9c4616e78dc,68931c8328b5a7a16727032c,203512,179441,29756,0.166,684ab4dce856ee7729dde255,163,0.882,GEN
68bac639ff370da694e2659b,6825c30edbda2b3debc751ff,685fd2e5267d3d01c364e63f,68887d5a2c5282412771db54,68876e3f6382aed3fb206617,6823469b436f44ab6db3154e,6877446edff1e9c4616e78d9,6895b201e35251fb74323c66,197688,160452,11479,0.072,684ab4dce856ee7729dde255,163,0.812,GEN
68bac639ff370da694e2659e,6825c30edbda2b3debc751ff,685fd2e5267d3d01c364e63f,68887d5a2c5282412771db54,68876e3f6382aed3fb206618,6823469b436f44ab6db3154e,6877446edff1e9c4616e78d9,68931c8328b5a7a16727030d,172104,132900,18113,0.136,684ab4dce856ee7729dde255,164,0.772,SC
68bac639ff370da694e2659f,6825c30edbda2b3debc751ff,685fd2e5267d3d01c364e63f,68887d5a2c5282412771db54,68876e3f6382aed3fb206618,6823469b436f44ab6db3154e,68774476dff1e9c4616e78dc,68931c8328b5a7a16727030d,176675,149658,4381,0.029,684ab4dce856ee7729dde255,164,0.847,SC
68bac639ff370da694e265a2,6825c30edbda2b3debc751ff,685fd2e5267d3d01c364e63f,68887d5a2c5282412771db54,68876e3f6382aed3fb206619,687b68e7e2896790bbf59e30,68774476dff1e9c4616e78dc,68931c8328b5a7a167270360,204526,177226,27062,0.153,684ab4dce856ee7729dde255,165,0.867,GEN
68bac639ff370da694e265a3,6825c30edbda2b3debc751ff,685fd2e5267d3d01c364e63f,68887d5a2c5282412771db54,68876e3f6382aed3fb206619,6823469b436f44ab6db3154e,6877446edff1e9c4616e78d9,6895a419e35251fb74323a64,195405,153622,27676,0.18,684ab4dce856ee7729dde255,165,0.786,GEN
68bac639ff370da694e265a6,6825c30edbda2b3debc751ff,685fd2cf267d3d01c364e637,68887d5a2c5282412771db55,68876e3f6382aed3fb20661a,6823469b436f44ab6db3154e,68774476dff1e9c4616e78dc,68931c8328b5a7a167270316,202169,170095,2490,0.015,684ab4dce856ee7729dde255,166,0.841,SC
68bac639ff370da694e265a7,6825c30edbda2b3debc751ff,685fd2cf267d3d01c364e637,68887d5a2c5282412771db55,68876e3f6382aed3fb20661a,6823469b436f44ab6db3154e,6877446edff1e9c4616e78d9,6895b201e35251fb74323c67,189879,149155,28859,0.193,684ab4dce856ee7729dde255,166,0.786,SC
68bac639ff370da694e265a8,6825c30edbda2b3debc751ff,685fd2cf267d3d01c364e637,68887d5a2c5282412771db55,68876e3f6382aed3fb20661b,6823469b436f44ab6db3154e,6877446edff1e9c4616e78d9,688777c776bc0350acbf5713,202759,162138,1938,0.012,684ab4dce856ee7729dde255,167,0.8,GEN
68bac639ff370da694e265ab,6825c30edbda2b3debc751ff,685fd2cf267d3d01c364e637,68887d5a2c5282412771db55,68876e3f6382aed3fb20661b,68316363fb08f1710d17d2d5,68774476dff1e9c4616e78dc,68931c8328b5a7a167270308,215424,182053,44979,0.247,684ab4dce856ee7729dde255,167,0.845,GEN
68bac639ff370da694e265ac,6825c30edbda2b3debc751ff,685fd2cf267d3d01c364e637,68887d5a2c5282412771db55,68876e3f6382aed3fb20661c,6823469b436f44ab6db3154e,68774476dff1e9c4616e78dc,688777c776bc0350acbf5714,187184,158882,5623,0.035,684ab4dce856ee7729dde255,168,0.849,GEN
68bac639ff370da694e265af,6825c30edbda2b3debc751ff,685fd2cf267d3d01c364e637,68887d5a2c5282412771db55,68876e3f6382aed3fb20661c,6823469b436f44ab6db3154e,6877446edff1e9c4616e78d9,6895b201e35251fb74323c68,177095,140321,8656,0.062,684ab4dce856ee7729dde255,168,0.792,GEN
68bac639ff370da694e265b2,6825c30edbda2b3debc751ff,685fd2cf267d3d01c364e637,68887d5a2c5282412771db55,68876e3f6382aed3fb20661d,68316363fb08f1710d17d2d5,68774476dff1e9c4616e78dc,68931c8328b5a7a16727030b,193771,163722,13699,0.084,684ab4dce856ee7729dde255,169,0.845,GEN
68bac639ff370da694e265b3,6825c30edbda2b3debc751ff,685fd2cf267d3d01c364e637,68887d5a2c5282412771db55,68876e3f6382aed3fb20661d,6823469b436f44ab6db3154e,6877446edff1e9c4616e78d9,6895b201e35251fb74323c69,182721,146597,9573,0.065,684ab4dce856ee7729dde255,169,0.802,GEN
68bac639ff370da694e265b6,6825c30edbda2b3debc751ff,685fd2cf267d3d01c364e637,68887d5a2c5282412771db55,68876e3f6382aed3fb20661e,68316363fb08f1710d17d2d5,68774476dff1e9c4616e78dc,68931c8328b5a7a167270343,205398,174619,9818,0.056,684ab4dce856ee7729dde255,170,0.85,SC
68bac639ff370da694e265b7,6825c30edbda2b3debc751ff,685fd2cf267d3d01c364e637,68887d5a2c5282412771db55,68876e3f6382aed3fb20661e,6823469b436f44ab6db3154e,6877446edff1e9c4616e78d9,6895b201e35251fb74323c6a,199838,156914,1880,0.012,684ab4dce856ee7729dde255,170,0.785,SC
68bac639ff370da694e265b8,6825c30edbda2b3debc751ff,685fd2cf267d3d01c364e637,68887d5a2c5282412771db55,68876e3f6382aed3fb20661f,6823469b436f44ab6db3154e,68774476dff1e9c4616e78dc,688777c776bc0350acbf5717,246904,186003,27987,0.15,684ab4dce856ee7729dde255,171,0.753,GEN
68bac639ff370da694e265bb,6825c30edbda2b3debc751ff,685fd2cf267d3d01c364e637,68887d5a2c5282412771db55,68876e3f6382aed3fb20661f,6823469b436f44ab6db3154e,6877446edff1e9c4616e78d9,6895b201e35251fb74323c6b,226962,155582,50119,0.322,684ab4dce856ee7729dde255,171,0.685,GEN
68bac639ff370da694e265be,6825c30edbda2b3debc751ff,685fd2cf267d3d01c364e637,68887d5a2c5282412771db55,68876e3f6382aed3fb206620,68316363fb08f1710d17d2d5,68774476dff1e9c4616e78dc,68931c8328b5a7a167270318,182250,157962,13519,0.086,684ab4dce856ee7729dde255,172,0.867,GEN
68bac639ff370da694e265bf,6825c30edbda2b3debc751ff,685fd2cf267d3d01c364e637,68887d5a2c5282412771db55,68876e3f6382aed3fb206620,6823469b436f44ab6db3154e,6877446edff1e9c4616e78d9,6895b201e35251fb74323c6c,174964,137806,6175,0.045,684ab4dce856ee7729dde255,172,0.788,GEN
68bac639ff370da694e265c0,6825c30edbda2b3debc751ff,685fd2e5267d3d01c364e63f,68887d5a2c5282412771db52,68876e3f6382aed3fb206621,6823469b436f44ab6db3154e,6877446edff1e9c4616e78d9,688777c776bc0350acbf5719,188120,145626,21717,0.149,684ab4dce856ee7729dde255,173,0.774,GEN
68bac639ff370da694e265c1,6825c30edbda2b3debc751ff,685fd2e5267d3d01c364e63f,68887d5a2c5282412771db52,68876e3f6382aed3fb206621,6823469b436f44ab6db3154e,68774476dff1e9c4616e78dc,688777c776bc0350acbf5719,198501,170292,7772,0.046,684ab4dce856ee7729dde255,173,0.858,GEN
68bac639ff370da694e265c6,6825c30edbda2b3debc751ff,685fd2c0267d3d01c364e62f,68887d5a2c5282412771db5b,68876e3f6382aed3fb206622,6823469b436f44ab6db3154e,68774476dff1e9c4616e78dc,68931c8328b5a7a167270307,214439,181924,11843,0.065,684ab4dce856ee7729dde255,174,0.848,ST
68bac639ff370da694e265c7,6825c30edbda2b3debc751ff,685fd2c0267d3d01c364e62f,68887d5a2c5282412771db5b,68876e3f6382aed3fb206622,6823469b436f44ab6db3154e,6877446edff1e9c4616e78d9,6895a419e35251fb743239c3,204949,154525,25332,0.164,684ab4dce856ee7729dde255,174,0.754,ST
68bac639ff370da694e265c8,6825c30edbda2b3debc751ff,685fd2c0267d3d01c364e62f,68887d5a2c5282412771db5b,68876e3f6382aed3fb206623,6823469b436f44ab6db3154e,68774476dff1e9c4616e78dc,688777c776bc0350acbf571b,190776,149256,1236,0.008,684ab4dce856ee7729dde255,175,0.782,GEN
68bac639ff370da694e265cb,6825c30edbda2b3debc751ff,685fd2c0267d3d01c364e62f,68887d5a2c5282412771db5b,68876e3f6382aed3fb206623,6823469b436f44ab6db3154e,6877446edff1e9c4616e78d9,6895a419e35251fb74323a25,183135,131266,4337,0.033,684ab4dce856ee7729dde255,175,0.717,GEN
68bac639ff370da694e265cc,6825c30edbda2b3debc751ff,685fd2f2267d3d01c364e647,68887d5a2c5282412771db5c,68876e3f6382aed3fb206624,6823469b436f44ab6db3154e,68774476dff1e9c4616e78dc,688777c776bc0350acbf571c,196839,150534,18949,0.126,684ab4dce856ee7729dde255,176,0.765,ST
68bac639ff370da694e265cf,6825c30edbda2b3debc751ff,685fd2f2267d3d01c364e647,68887d5a2c5282412771db5c,68876e3f6382aed3fb206624,6823469b436f44ab6db3154e,6877446edff1e9c4616e78d9,6895b201e35251fb74323c6d,189287,129453,43571,0.337,684ab4dce856ee7729dde255,176,0.684,ST
68bac639ff370da694e265d2,6825c30edbda2b3debc751ff,685fd2c0267d3d01c364e62f,68887d5a2c5282412771db5b,68876e3f6382aed3fb206625,6823469b436f44ab6db3154e,6877446edff1e9c4616e78d9,68931c8328b5a7a1672702e4,231074,146855,34071,0.232,684ab4dce856ee7729dde255,177,0.636,SC
68bac639ff370da694e265d3,6825c30edbda2b3debc751ff,685fd2c0267d3d01c364e62f,68887d5a2c5282412771db5b,68876e3f6382aed3fb206625,6823469b436f44ab6db3154e,68774476dff1e9c4616e78dc,68931c8328b5a7a1672702e4,251386,166977,19137,0.115,684ab4dce856ee7729dde255,177,0.664,SC
68bac639ff370da694e265d6,6825c30edbda2b3debc751ff,685fd2c0267d3d01c364e62f,68887d5a2c5282412771db5b,68876e3f6382aed3fb206626,6823469b436f44ab6db3154e,68774476dff1e9c4616e78dc,68931c8328b5a7a16727033a,242076,193462,23750,0.123,684ab4dce856ee7729dde255,178,0.799,ST
68bac639ff370da694e265d7,6825c30edbda2b3debc751ff,685fd2c0267d3d01c364e62f,68887d5a2c5282412771db5b,68876e3f6382aed3fb206626,6823469b436f44ab6db3154e,6877446edff1e9c4616e78d9,6895b201e35251fb74323c6e,229176,166327,17261,0.104,684ab4dce856ee7729dde255,178,0.726,ST
68bac639ff370da694e265da,6825c30edbda2b3debc751ff,685fd2c0267d3d01c364e62f,68887d5a2c5282412771db5b,68876e3f6382aed3fb206627,68316363fb08f1710d17d2d5,68774476dff1e9c4616e78dc,68931c8328b5a7a167270354,230687,180200,1264,0.007,684ab4dce856ee7729dde255,179,0.781,ST
68bac639ff370da694e265db,6825c30edbda2b3debc751ff,685fd2c0267d3d01c364e62f,68887d5a2c5282412771db5b,68876e3f6382aed3fb206627,6823469b436f44ab6db3154e,6877446edff1e9c4616e78d9,6895b201e35251fb74323c6f,218638,163568,22178,0.136,684ab4dce856ee7729dde255,179,0.748,ST
68bac639ff370da694e265de,6825c30edbda2b3debc751ff,685fd2c0267d3d01c364e62f,68887d5a2c5282412771db5b,68876e3f6382aed3fb206628,687b68e7e2896790bbf59e30,68774476dff1e9c4616e78dc,68931c8328b5a7a16727035d,282209,213949,5120,0.024,684ab4dce856ee7729dde255,180,0.758,GEN
68bac639ff370da694e265df,6825c30edbda2b3debc751ff,685fd2c0267d3d01c364e62f,68887d5a2c5282412771db5b,68876e3f6382aed3fb206628,6823469b436f44ab6db3154e,6877446edff1e9c4616e78d9,6895b201e35251fb74323c70,264965,193633,22827,0.118,684ab4dce856ee7729dde255,180,0.731,GEN
68bac639ff370da694e265e2,6825c30edbda2b3debc751ff,685fd2c0267d3d01c364e62f,68887d5a2c5282412771db5b,68876e3f6382aed3fb206629,68316363fb08f1710d17d2d5,68774476dff1e9c4616e78dc,68931c8328b5a7a1672702fe,212706,161544,27257,0.169,684ab4dce856ee7729dde255,181,0.759,ST
68bac639ff370da694e265e3,6825c30edbda2b3debc751ff,685fd2c0267d3d01c364e62f,68887d5a2c5282412771db5b,68876e3f6382aed3fb206629,68316363fb08f1710d17d2d5,6877446edff1e9c4616e78d9,6895a419e35251fb743239d3,203176,148338,2399,0.016,684ab4dce856ee7729dde255,181,0.73,ST
68bac639ff370da694e265e4,6825c30edbda2b3debc751ff,685fd2c0267d3d01c364e62f,68887d5a2c5282412771db5b,68876e3f6382aed3fb20662a,6823469b436f44ab6db3154e,68774476dff1e9c4616e78dc,688777c776bc0350acbf5722,208323,168686,30508,0.181,684ab4dce856ee7729dde255,182,0.81,GEN
68bac639ff370da694e265e7,6825c30edbda2b3debc751ff,685fd2c0267d3d01c364e62f,68887d5a2c5282412771db5b,68876e3f6382aed3fb20662a,6823469b436f44ab6db3154e,6877446edff1e9c4616e78d9,6895b201e35251fb74323c71,194774,151384,5630,0.037,684ab4dce856ee7729dde255,182,0.777,GEN
68bac639ff370da694e265ea,6825c30edbda2b3debc751ff,685fd2c0267d3d01c364e62f,68887d5a2c5282412771db5a,68876e3f6382aed3fb20662b,68316363fb08f1710d17d2d5,68774476dff1e9c4616e78dc,68931c8328b5a7a1672702eb,207832,167706,35836,0.214,684ab4dce856ee7729dde255,183,0.807,SC
68bac639ff370da694e265eb,6825c30edbda2b3debc751ff,685fd2c0267d3d01c364e62f,68887d5a2c5282412771db5a,68876e3f6382aed3fb20662b,6823469b436f44ab6db3154e,6877446edff1e9c4616e78d9,6895b201e35251fb74323c72,194017,152258,4727,0.031,684ab4dce856ee7729dde255,183,0.785,SC
68bac639ff370da694e265ec,6825c30edbda2b3debc751ff,685fd2c0267d3d01c364e62f,68887d5a2c5282412771db5a,68876e3f6382aed3fb20662c,68316363fb08f1710d17d2d5,6877446edff1e9c4616e78d9,688777c776bc0350acbf5724,194900,155116,11805,0.076,684ab4dce856ee7729dde255,184,0.796,GEN
68bac639ff370da694e265ed,6825c30edbda2b3debc751ff,685fd2c0267d3d01c364e62f,68887d5a2c5282412771db5a,68876e3f6382aed3fb20662c,68316363fb08f1710d17d2d5,68774476dff1e9c4616e78dc,688777c776bc0350acbf5724,205520,172610,5539,0.032,684ab4dce856ee7729dde255,184,0.84,GEN
68bac639ff370da694e265f2,6825c30edbda2b3debc751ff,685fd2c0267d3d01c364e62f,68887d5a2c5282412771db5a,68876e3f6382aed3fb20662d,68316363fb08f1710d17d2d5,68774476dff1e9c4616e78dc,68931c8328b5a7a167270342,219762,174231,9512,0.055,684ab4dce856ee7729dde255,185,0.793,GEN
68bac639ff370da694e265f3,6825c30edbda2b3debc751ff,685fd2c0267d3d01c364e62f,68887d5a2c5282412771db5a,68876e3f6382aed3fb20662d,6823469b436f44ab6db3154e,6877446edff1e9c4616e78d9,6895b201e35251fb74323c73,202103,151811,6825,0.045,684ab4dce856ee7729dde255,185,0.751,GEN
68bac639ff370da694e265f4,6825c30edbda2b3debc751ff,685fd2c0267d3d01c364e62f,68887d5a2c5282412771db5a,68876e3f6382aed3fb20662e,687b68e7e2896790bbf59e30,68774476dff1e9c4616e78dc,688777c776bc0350acbf5726,222851,165733,9716,0.059,684ab4dce856ee7729dde255,186,0.744,ST
68bac639ff370da694e265f7,6825c30edbda2b3debc751ff,685fd2c0267d3d01c364e62f,68887d5a2c5282412771db5a,68876e3f6382aed3fb20662e,68316363fb08f1710d17d2d5,6877446edff1e9c4616e78d9,6895b201e35251fb74323c74,210706,147280,1820,0.012,684ab4dce856ee7729dde255,186,0.699,ST
68bac639ff370da694e265fa,6825c30edbda2b3debc751ff,685fd2c0267d3d01c364e62f,68887d5a2c5282412771db5a,68876e3f6382aed3fb20662f,68316363fb08f1710d17d2d5,68774476dff1e9c4616e78dc,68931c8328b5a7a1672702f5,242090,181686,15878,0.087,684ab4dce856ee7729dde255,187,0.75,ST
68bac639ff370da694e265fb,6825c30edbda2b3debc751ff,685fd2c0267d3d01c364e62f,68887d5a2c5282412771db5a,68876e3f6382aed3fb20662f,6823469b436f44ab6db3154e,6877446edff1e9c4616e78d9,6895b201e35251fb74323c75,230316,158610,25686,0.162,684ab4dce856ee7729dde255,187,0.689,ST
68bac639ff370da694e265fc,6825c30edbda2b3debc751ff,685fd2c0267d3d01c364e62f,68887d5a2c5282412771db5a,68876e3f6382aed3fb206630,68316363fb08f1710d17d2d5,6877446edff1e9c4616e78d9,688777c776bc0350acbf5728,215157,163139,11196,0.069,684ab4dce856ee7729dde255,188,0.758,ST
68bac639ff370da694e265fd,6825c30edbda2b3debc751ff,685fd2c0267d3d01c364e62f,68887d5a2c5282412771db5a,68876e3f6382aed3fb206630,68316363fb08f1710d17d2d5,68774476dff1e9c4616e78dc,688777c776bc0350acbf5728,222683,174818,932,0.005,684ab4dce856ee7729dde255,188,0.785,ST
68bac639ff370da694e26602,6825c30edbda2b3debc751ff,685fd2c0267d3d01c364e62f,68887d5a2c5282412771db5a,68876e3f6382aed3fb206631,68316363fb08f1710d17d2d5,68774476dff1e9c4616e78dc,68931c8328b5a7a167270359,216536,169324,25222,0.149,684ab4dce856ee7729dde255,189,0.782,ST
68bac639ff370da694e26603,6825c30edbda2b3debc751ff,685fd2c0267d3d01c364e62f,68887d5a2c5282412771db5a,68876e3f6382aed3fb206631,6823469b436f44ab6db3154e,6877446edff1e9c4616e78d9,6895b201e35251fb74323c76,209989,148456,7382,0.05,684ab4dce856ee7729dde255,189,0.707,ST
68bac639ff370da694e26606,6825c30edbda2b3debc751ff,685fd2c0267d3d01c364e62f,68887d5a2c5282412771db5a,68876e3f6382aed3fb206632,6823469b436f44ab6db3154e,68774476dff1e9c4616e78dc,68931c8328b5a7a16727032b,232783,178493,38787,0.217,684ab4dce856ee7729dde255,190,0.767,ST
68bac639ff370da694e26607,6825c30edbda2b3debc751ff,685fd2c0267d3d01c364e62f,68887d5a2c5282412771db5a,68876e3f6382aed3fb206632,68316363fb08f1710d17d2d5,6877446edff1e9c4616e78d9,6895a419e35251fb743239cc,225419,160981,10527,0.065,684ab4dce856ee7729dde255,190,0.714,ST
68bac639ff370da694e2660a,6825c30edbda2b3debc751ff,685fd2cf267d3d01c364e637,68887d5a2c5282412771db58,68876e3f6382aed3fb206633,68316363fb08f1710d17d2d5,68774476dff1e9c4616e78dc,68931c8328b5a7a167270319,219278,151093,21962,0.145,684ab4dce856ee7729dde255,191,0.689,ST
68bac639ff370da694e2660b,6825c30edbda2b3debc751ff,685fd2cf267d3d01c364e637,68887d5a2c5282412771db58,68876e3f6382aed3fb206633,6823469b436f44ab6db3154e,6877446edff1e9c4616e78d9,6895b201e35251fb74323c77,207193,127608,17369,0.136,684ab4dce856ee7729dde255,191,0.616,ST
68bac639ff370da694e2660e,6825c30edbda2b3debc751ff,685fd2cf267d3d01c364e637,68887d5a2c5282412771db58,68876e3f6382aed3fb206634,68316363fb08f1710d17d2d5,68774476dff1e9c4616e78dc,68931c8328b5a7a167270303,255382,132234,2056,0.016,684ab4dce856ee7729dde255,192,0.518,ST
68bac639ff370da694e2660f,6825c30edbda2b3debc751ff,685fd2cf267d3d01c364e637,68887d5a2c5282412771db58,68876e3f6382aed3fb206634,6823469b436f44ab6db3154e,6877446edff1e9c4616e78d9,6895b201e35251fb74323c78,242214,113117,11051,0.098,684ab4dce856ee7729dde255,192,0.467,ST
68bac639ff370da694e26612,6825c30edbda2b3debc751ff,685fd2cf267d3d01c364e637,68887d5a2c5282412771db58,68876e3f6382aed3fb206635,6823469b436f44ab6db3154e,68774476dff1e9c4616e78dc,68931c8328b5a7a1672702f4,263230,169963,10437,0.061,684ab4dce856ee7729dde255,193,0.646,ST
68bac639ff370da694e26613,6825c30edbda2b3debc751ff,685fd2cf267d3d01c364e637,68887d5a2c5282412771db58,68876e3f6382aed3fb206635,6823469b436f44ab6db3154e,6877446edff1e9c4616e78d9,6895b201e35251fb74323c79,241582,130281,15858,0.122,684ab4dce856ee7729dde255,193,0.539,ST
68bac639ff370da694e26616,6825c30edbda2b3debc751ff,685fd2cf267d3d01c364e637,68887d5a2c5282412771db58,68876e3f6382aed3fb206636,68316363fb08f1710d17d2d5,68774476dff1e9c4616e78dc,68931c8328b5a7a1672702d9,226254,196484,31151,0.159,684ab4dce856ee7729dde255,194,0.868,ST
68bac639ff370da694e26617,6825c30edbda2b3debc751ff,685fd2cf267d3d01c364e637,68887d5a2c5282412771db58,68876e3f6382aed3fb206636,687b68e7e2896790bbf59e30,6877446edff1e9c4616e78d9,6895b201e35251fb74323c7a,210279,165148,5116,0.031,684ab4dce856ee7729dde255,194,0.785,ST
68bac639ff370da694e2661a,6825c30edbda2b3debc751ff,685fd2cf267d3d01c364e637,68887d5a2c5282412771db58,68876e3f6382aed3fb206637,68316363fb08f1710d17d2d5,68774476dff1e9c4616e78dc,68931c8328b5a7a167270314,237867,194056,5000,0.026,684ab4dce856ee7729dde255,195,0.816,ST
68bac639ff370da694e2661b,6825c30edbda2b3debc751ff,685fd2cf267d3d01c364e637,68887d5a2c5282412771db58,68876e3f6382aed3fb206637,6823469b436f44ab6db3154e,6877446edff1e9c4616e78d9,6895b201e35251fb74323c7b,221142,155615,17016,0.109,684ab4dce856ee7729dde255,195,0.704,ST
68bac639ff370da694e2661c,6825c30edbda2b3debc751ff,685fd2c0267d3d01c364e62f,687a021993d4235d02ea1d05,68876e3f6382aed3fb206638,68316363fb08f1710d17d2d5,68774476dff1e9c4616e78dc,688777c776bc0350acbf5730,201528,161203,36205,0.225,684ab4dce856ee7729dde255,196,0.8,ST
68bac639ff370da694e2661f,6825c30edbda2b3debc751ff,685fd2c0267d3d01c364e62f,687a021993d4235d02ea1d05,68876e3f6382aed3fb206638,6823469b436f44ab6db3154e,6877446edff1e9c4616e78d9,6895b201e35251fb74323c7c,178406,127379,529,0.004,684ab4dce856ee7729dde255,196,0.714,ST
68bac639ff370da694e26620,6825c30edbda2b3debc751ff,685fd2c0267d3d01c364e62f,687a021993d4235d02ea1d05,687a036493d4235d02ea1d11,68316363fb08f1710d17d2d5,6877446edff1e9c4616e78d9,687b54c5e2896790bbf59b4d,211379,128817,12326,0.096,684ab4dce856ee7729dde255,197,0.609,ST
68bac639ff370da694e26621,6825c30edbda2b3debc751ff,685fd2c0267d3d01c364e62f,687a021993d4235d02ea1d05,687a036493d4235d02ea1d11,68316363fb08f1710d17d2d5,68774476dff1e9c4616e78dc,687b54c5e2896790bbf59b4d,218421,163305,38831,0.238,684ab4dce856ee7729dde255,197,0.748,ST
68bac639ff370da694e26626,6825c30edbda2b3debc751ff,685fd2c0267d3d01c364e62f,687a021993d4235d02ea1d05,68876e3f6382aed3fb206639,68316363fb08f1710d17d2d5,68774476dff1e9c4616e78dc,68931c8328b5a7a167270357,220215,162143,62930,0.388,684ab4dce856ee7729dde255,198,0.736,ST
68bac639ff370da694e26627,6825c30edbda2b3debc751ff,685fd2c0267d3d01c364e62f,687a021993d4235d02ea1d05,68876e3f6382aed3fb206639,68316363fb08f1710d17d2d5,6877446edff1e9c4616e78d9,6895b201e35251fb74323c7d,205510,142051,42768,0.301,684ab4dce856ee7729dde255,198,0.691,ST
68bac639ff370da694e26628,6825c30edbda2b3debc751ff,685fd2c0267d3d01c364e62f,687a021993d4235d02ea1d05,68876e3f6382aed3fb20663a,68316363fb08f1710d17d2d5,68774476dff1e9c4616e78dc,688777c776bc0350acbf5732,211815,171428,39501,0.23,684ab4dce856ee7729dde255,199,0.809,ST
68bac639ff370da694e2662b,6825c30edbda2b3debc751ff,685fd2c0267d3d01c364e62f,687a021993d4235d02ea1d05,68876e3f6382aed3fb20663a,6823469b436f44ab6db3154e,6877446edff1e9c4616e78d9,6895a419e35251fb74323a24,202584,146565,1639,0.011,684ab4dce856ee7729dde255,199,0.723,ST
68bac639ff370da694e2662c,6825c30edbda2b3debc751ff,685fd2c0267d3d01c364e62f,687a021993d4235d02ea1d05,68876e3f6382aed3fb20663b,6823469b436f44ab6db3154e,6877446edff1e9c4616e78d9,688777c776bc0350acbf5733,185135,128019,7573,0.059,684ab4dce856ee7729dde255,200,0.691,ST
68bac639ff370da694e2662f,6825c30edbda2b3debc751ff,685fd2c0267d3d01c364e62f,687a021993d4235d02ea1d05,68876e3f6382aed3fb20663b,68316363fb08f1710d17d2d5,68774476dff1e9c4616e78dc,68931c8328b5a7a167270325,193353,151153,13972,0.092,684ab4dce856ee7729dde255,200,0.782,ST
68bac639ff370da694e26630,6825c30edbda2b3debc751ff,685fd2c0267d3d01c364e62f,687a021993d4235d02ea1d05,68876e3f6382aed3fb20663c,6823469b436f44ab6db3154e,6877446edff1e9c4616e78d9,688777c776bc0350acbf5734,239790,171354,11482,0.067,684ab4dce856ee7729dde255,201,0.715,GEN
68bac639ff370da694e26631,6825c30edbda2b3debc751ff,685fd2c0267d3d01c364e62f,687a021993d4235d02ea1d05,68876e3f6382aed3fb20663c,6823469b436f44ab6db3154e,68774476dff1e9c4616e78dc,688777c776bc0350acbf5734,254908,186742,5718,0.031,684ab4dce856ee7729dde255,201,0.733,GEN
68bac639ff370da694e26636,6825c30edbda2b3debc751ff,685fd2c0267d3d01c364e62f,687a021993d4235d02ea1d05,68876e3f6382aed3fb20663d,68316363fb08f1710d17d2d5,68774476dff1e9c4616e78dc,68931c8328b5a7a167270335,193298,164989,41506,0.252,684ab4dce856ee7729dde255,202,0.854,GEN
68bac639ff370da694e26637,6825c30edbda2b3debc751ff,685fd2c0267d3d01c364e62f,687a021993d4235d02ea1d05,68876e3f6382aed3fb20663d,6823469b436f44ab6db3154e,6877446edff1e9c4616e78d9,6895b201e35251fb74323c7e,182318,144700,9812,0.068,684ab4dce856ee7729dde255,202,0.794,GEN
68bac639ff370da694e2663a,6825c30edbda2b3debc751ff,685fd2c0267d3d01c364e62f,68887d5a2c5282412771db59,68876e3f6382aed3fb20663e,68316363fb08f1710d17d2d5,68774476dff1e9c4616e78dc,68931c8328b5a7a167270364,221636,186262,9044,0.049,684ab4dce856ee7729dde255,203,0.84,GEN
68bac639ff370da694e2663b,6825c30edbda2b3debc751ff,685fd2c0267d3d01c364e62f,68887d5a2c5282412771db59,68876e3f6382aed3fb20663e,6823469b436f44ab6db3154e,6877446edff1e9c4616e78d9,6895b201e35251fb74323c7f,203821,162485,30197,0.186,684ab4dce856ee7729dde255,203,0.797,GEN
68bac639ff370da694e2663e,6825c30edbda2b3debc751ff,685fd2c0267d3d01c364e62f,68887d5a2c5282412771db59,68876e3f6382aed3fb20663f,68316363fb08f1710d17d2d5,68774476dff1e9c4616e78dc,68931c8328b5a7a167270347,349102,225604,8163,0.036,684ab4dce856ee7729dde255,204,0.646,GEN
68bac639ff370da694e2663f,6825c30edbda2b3debc751ff,685fd2c0267d3d01c364e62f,68887d5a2c5282412771db59,68876e3f6382aed3fb20663f,6823469b436f44ab6db3154e,6877446edff1e9c4616e78d9,6895b201e35251fb74323c80,294482,187901,54176,0.288,684ab4dce856ee7729dde255,204,0.638,GEN
68bac639ff370da694e26640,6825c30edbda2b3debc751ff,685fd2c0267d3d01c364e62f,68887d5a2c5282412771db59,68876e3f6382aed3fb206640,6823469b436f44ab6db3154e,6877446edff1e9c4616e78d9,688777c776bc0350acbf5738,286686,181771,91017,0.501,684ab4dce856ee7729dde255,205,0.634,GEN
68bac639ff370da694e26641,6825c30edbda2b3debc751ff,685fd2c0267d3d01c364e62f,68887d5a2c5282412771db59,68876e3f6382aed3fb206640,6823469b436f44ab6db3154e,68774476dff1e9c4616e78dc,688777c776bc0350acbf5738,333271,214117,71011,0.332,684ab4dce856ee7729dde255,205,0.642,GEN
68bac639ff370da694e26646,6825c30edbda2b3debc751ff,685fd2c0267d3d01c364e62f,68887d5a2c5282412771db59,68876e3f6382aed3fb206641,6823469b436f44ab6db3154e,68774476dff1e9c4616e78dc,68931c8328b5a7a1672702cc,207976,130178,5751,0.044,684ab4dce856ee7729dde255,206,0.626,GEN
68bac639ff370da694e26647,6825c30edbda2b3debc751ff,685fd2c0267d3d01c364e62f,68887d5a2c5282412771db59,68876e3f6382aed3fb206641,6823469b436f44ab6db3154e,6877446edff1e9c4616e78d9,6895b201e35251fb74323c81,188639,125796,13318,0.106,684ab4dce856ee7729dde255,206,0.667,GEN
68bac639ff370da694e2664a,6825c30edbda2b3debc751ff,685fd2c0267d3d01c364e62f,68887d5a2c5282412771db59,68876e3f6382aed3fb206642,6823469b436f44ab6db3154e,68774476dff1e9c4616e78dc,68931c8328b5a7a167270315,263644,165895,43090,0.26,684ab4dce856ee7729dde255,207,0.629,GEN
68bac639ff370da694e2664b,6825c30edbda2b3debc751ff,685fd2c0267d3d01c364e62f,68887d5a2c5282412771db59,68876e3f6382aed3fb206642,6823469b436f44ab6db3154e,6877446edff1e9c4616e78d9,6895b201e35251fb74323c82,228948,152571,33823,0.222,684ab4dce856ee7729dde255,207,0.666,GEN
68bac639ff370da694e2664c,6825c30edbda2b3debc751ff,685fd2c0267d3d01c364e62f,68887d5a2c5282412771db59,68876e3f6382aed3fb206643,6823469b436f44ab6db3154e,6877446edff1e9c4616e78d9,688777c776bc0350acbf573b,309886,204416,14418,0.071,684ab4dce856ee7729dde255,208,0.66,GEN
68bac639ff370da694e2664d,6825c30edbda2b3debc751ff,685fd2c0267d3d01c364e62f,68887d5a2c5282412771db59,68876e3f6382aed3fb206643,6823469b436f44ab6db3154e,68774476dff1e9c4616e78dc,688777c776bc0350acbf573b,374032,241162,1133,0.005,684ab4dce856ee7729dde255,208,0.645,GEN
68bac639ff370da694e26650,6825c30edbda2b3debc751ff,685fd2c0267d3d01c364e62f,687a021993d4235d02ea1d05,68876e3f6382aed3fb206644,6823469b436f44ab6db3154e,6877446edff1e9c4616e78d9,688777c776bc0350acbf5737,221726,171031,12216,0.071,684ab4dce856ee7729dde255,209,0.771,GEN
68bac639ff370da694e26653,6825c30edbda2b3debc751ff,685fd2c0267d3d01c364e62f,687a021993d4235d02ea1d05,68876e3f6382aed3fb206644,6823469b436f44ab6db3154e,68774476dff1e9c4616e78dc,68931c8328b5a7a16727035e,248822,192494,7157,0.037,684ab4dce856ee7729dde255,209,0.774,GEN
68bac639ff370da694e26656,6825c30edbda2b3debc751ff,685fd2c0267d3d01c364e62f,68887d5a2c5282412771db59,68876e3f6382aed3fb206645,68316363fb08f1710d17d2d5,6877446edff1e9c4616e78d9,68931c8328b5a7a1672702ff,233596,167151,18559,0.111,684ab4dce856ee7729dde255,210,0.716,GEN
68bac639ff370da694e26657,6825c30edbda2b3debc751ff,685fd2c0267d3d01c364e62f,68887d5a2c5282412771db59,68876e3f6382aed3fb206645,68316363fb08f1710d17d2d5,68774476dff1e9c4616e78dc,68931c8328b5a7a1672702ff,284186,213212,5703,0.027,684ab4dce856ee7729dde255,210,0.75,GEN
68bac639ff370da694e26658,6825c30edbda2b3debc751ff,685fd2c0267d3d01c364e62f,68887d5a2c5282412771db59,68876e3f6382aed3fb206646,6823469b436f44ab6db3154e,68774476dff1e9c4616e78dc,688777c776bc0350acbf573e,238650,196955,2945,0.015,684ab4dce856ee7729dde255,211,0.825,SC
68bac639ff370da694e2665b,6825c30edbda2b3debc751ff,685fd2c0267d3d01c364e62f,68887d5a2c5282412771db59,68876e3f6382aed3fb206646,6823469b436f44ab6db3154e,6877446edff1e9c4616e78d9,6895a419e35251fb74323a4e,212258,162809,17583,0.108,684ab4dce856ee7729dde255,211,0.767,SC
68bac639ff370da694e2665e,6825c30edbda2b3debc751ff,685fd2cf267d3d01c364e637,68887d5a2c5282412771db56,68876e3f6382aed3fb206647,68316363fb08f1710d17d2d5,68774476dff1e9c4616e78dc,68931c8328b5a7a1672702e7,203037,166692,5117,0.031,684ab4dce856ee7729dde255,212,0.821,GEN
68bac639ff370da694e2665f,6825c30edbda2b3debc751ff,685fd2cf267d3d01c364e637,68887d5a2c5282412771db56,68876e3f6382aed3fb206647,6823469b436f44ab6db3154e,6877446edff1e9c4616e78d9,6895b201e35251fb74323c83,187552,147041,16115,0.11,684ab4dce856ee7729dde255,212,0.784,GEN
68bac639ff370da694e26662,6825c30edbda2b3debc751ff,685fd2cf267d3d01c364e637,68887d5a2c5282412771db56,68876e3f6382aed3fb206648,6823469b436f44ab6db3154e,68774476dff1e9c4616e78dc,68931c8328b5a7a1672702d2,188012,155548,15220,0.098,684ab4dce856ee7729dde255,213,0.827,GEN
68bac639ff370da694e26663,6825c30edbda2b3debc751ff,685fd2cf267d3d01c364e637,68887d5a2c5282412771db56,68876e3f6382aed3fb206648,6823469b436f44ab6db3154e,6877446edff1e9c4616e78d9,6895b201e35251fb74323c84,177020,135430,20634,0.152,684ab4dce856ee7729dde255,213,0.765,GEN
68bac639ff370da694e26664,6825c30edbda2b3debc751ff,685fd2cf267d3d01c364e637,68887d5a2c5282412771db56,68876e3f6382aed3fb206649,68316363fb08f1710d17d2d5,68774476dff1e9c4616e78dc,688777c776bc0350acbf5741,169061,138141,2209,0.016,684ab4dce856ee7729dde255,214,0.817,SC
68bac639ff370da694e26667,6825c30edbda2b3debc751ff,685fd2cf267d3d01c364e637,68887d5a2c5282412771db56,68876e3f6382aed3fb206649,6823469b436f44ab6db3154e,6877446edff1e9c4616e78d9,6895b201e35251fb74323c85,160324,118045,16135,0.137,684ab4dce856ee7729dde255,214,0.736,SC
68bac639ff370da694e26668,6825c30edbda2b3debc751ff,685fd2cf267d3d01c364e637,68887d5a2c5282412771db56,68876e3f6382aed3fb20664a,6823469b436f44ab6db3154e,6877446edff1e9c4616e78d9,688777c776bc0350acbf5742,182581,138035,17369,0.126,684ab4dce856ee7729dde255,215,0.756,SC
68bac639ff370da694e2666b,6825c30edbda2b3debc751ff,685fd2cf267d3d01c364e637,68887d5a2c5282412771db56,68876e3f6382aed3fb20664a,68316363fb08f1710d17d2d5,68774476dff1e9c4616e78dc,68931c8328b5a7a16727033e,197387,162040,4628,0.029,684ab4dce856ee7729dde255,215,0.821,SC
68bac639ff370da694e2666e,6825c30edbda2b3debc751ff,685fd2cf267d3d01c364e637,68887d5a2c5282412771db56,68876e3f6382aed3fb20664b,6823469b436f44ab6db3154e,68774476dff1e9c4616e78dc,68931c8328b5a7a167270327,217652,145761,25724,0.176,684ab4dce856ee7729dde255,216,0.67,GEN
68bac639ff370da694e2666f,6825c30edbda2b3debc751ff,685fd2cf267d3d01c364e637,68887d5a2c5282412771db56,68876e3f6382aed3fb20664b,6823469b436f44ab6db3154e,6877446edff1e9c4616e78d9,6895b201e35251fb74323c86,176983,123579,24849,0.201,684ab4dce856ee7729dde255,216,0.698,GEN
68bac639ff370da694e26670,6825c30edbda2b3debc751ff,685fd2cf267d3d01c364e637,68887d5a2c5282412771db56,68876e3f6382aed3fb20664c,6823469b436f44ab6db3154e,68774476dff1e9c4616e78dc,688777c776bc0350acbf5744,236781,165339,18960,0.115,684ab4dce856ee7729dde255,217,0.698,GEN
68bac639ff370da694e26673,6825c30edbda2b3debc751ff,685fd2cf267d3d01c364e637,68887d5a2c5282412771db56,68876e3f6382aed3fb20664c,6823469b436f44ab6db3154e,6877446edff1e9c4616e78d9,6895b201e35251fb74323c87,210273,139266,9652,0.069,684ab4dce856ee7729dde255,217,0.662,GEN
68bac639ff370da694e26676,6825c30edbda2b3debc751ff,685fd2cf267d3d01c364e637,68887d5a2c5282412771db56,68876e3f6382aed3fb20664d,68316363fb08f1710d17d2d5,68774476dff1e9c4616e78dc,68931c8328b5a7a16727031b,181712,154047,5381,0.035,684ab4dce856ee7729dde255,218,0.848,GEN
68bac639ff370da694e26677,6825c30edbda2b3debc751ff,685fd2cf267d3d01c364e637,68887d5a2c5282412771db56,68876e3f6382aed3fb20664d,6823469b436f44ab6db3154e,6877446edff1e9c4616e78d9,6895a419e35251fb743239bf,169561,131674,13135,0.1,684ab4dce856ee7729dde255,218,0.777,GEN
68bac639ff370da694e2667a,6825c30edbda2b3debc751ff,685fd2cf267d3d01c364e637,68887d5a2c5282412771db58,68876e3f6382aed3fb20664e,6823469b436f44ab6db3154e,68774476dff1e9c4616e78dc,68931c8328b5a7a1672702e8,185981,159573,5605,0.035,684ab4dce856ee7729dde255,219,0.858,ST
68bac639ff370da694e2667b,6825c30edbda2b3debc751ff,685fd2cf267d3d01c364e637,68887d5a2c5282412771db58,68876e3f6382aed3fb20664e,6823469b436f44ab6db3154e,6877446edff1e9c4616e78d9,6895b201e35251fb74323c88,174571,135343,26969,0.199,684ab4dce856ee7729dde255,219,0.775,ST
68bac639ff370da694e2667e,6825c30edbda2b3debc751ff,685fd2cf267d3d01c364e637,68887d5a2c5282412771db58,68876e3f6382aed3fb20664f,6823469b436f44ab6db3154e,68774476dff1e9c4616e78dc,68931c8328b5a7a1672702de,203700,142958,43435,0.304,684ab4dce856ee7729dde255,220,0.702,GEN
68bac639ff370da694e2667f,6825c30edbda2b3debc751ff,685fd2cf267d3d01c364e637,68887d5a2c5282412771db58,68876e3f6382aed3fb20664f,6823469b436f44ab6db3154e,6877446edff1e9c4616e78d9,6895b201e35251fb74323c89,193359,130568,40305,0.309,684ab4dce856ee7729dde255,220,0.675,GEN
68bac639ff370da694e26682,6825c30edbda2b3debc751ff,685fd2cf267d3d01c364e637,68887d5a2c5282412771db58,68876e3f6382aed3fb206650,68316363fb08f1710d17d2d5,68774476dff1e9c4616e78dc,68931c8328b5a7a1672702f6,182324,161043,28498,0.177,684ab4dce856ee7729dde255,221,0.883,ST
68bac639ff370da694e26683,6825c30edbda2b3debc751ff,685fd2cf267d3d01c364e637,68887d5a2c5282412771db58,68876e3f6382aed3fb206650,6823469b436f44ab6db3154e,6877446edff1e9c4616e78d9,6895b201e35251fb74323c8a,171073,138087,2079,0.015,684ab4dce856ee7729dde255,221,0.807,ST
68bac639ff370da694e26684,6825c30edbda2b3debc751ff,685fd2cf267d3d01c364e637,68887d5a2c5282412771db57,68876e3f6382aed3fb206651,6823469b436f44ab6db3154e,68774476dff1e9c4616e78dc,688777c776bc0350acbf5749,204378,175268,511,0.003,684ab4dce856ee7729dde255,222,0.858,GEN
68bac639ff370da694e26687,6825c30edbda2b3debc751ff,685fd2cf267d3d01c364e637,68887d5a2c5282412771db57,68876e3f6382aed3fb206651,6823469b436f44ab6db3154e,6877446edff1e9c4616e78d9,6895a419e35251fb74323a06,196914,156445,29851,0.191,684ab4dce856ee7729dde255,222,0.794,GEN
68bac639ff370da694e2668a,6825c30edbda2b3debc751ff,685fd2cf267d3d01c364e637,68887d5a2c5282412771db56,68876e3f6382aed3fb206652,68316363fb08f1710d17d2d5,68774476dff1e9c4616e78dc,68931c8328b5a7a167270317,193985,161105,5448,0.034,684ab4dce856ee7729dde255,223,0.831,SC
68bac639ff370da694e2668b,6825c30edbda2b3debc751ff,685fd2cf267d3d01c364e637,68887d5a2c5282412771db56,68876e3f6382aed3fb206652,6823469b436f44ab6db3154e,6877446edff1e9c4616e78d9,6895b201e35251fb74323c8b,187636,146138,7973,0.055,684ab4dce856ee7729dde255,223,0.779,SC
68bac639ff370da694e2668e,6825c30edbda2b3debc751ff,685fd2cf267d3d01c364e637,68887d5a2c5282412771db57,68876e3f6382aed3fb206653,6823469b436f44ab6db3154e,6877446edff1e9c4616e78d9,68931c8328b5a7a167270366,224500,171025,24295,0.142,684ab4dce856ee7729dde255,224,0.762,GEN
68bac639ff370da694e2668f,6825c30edbda2b3debc751ff,685fd2cf267d3d01c364e637,68887d5a2c5282412771db57,68876e3f6382aed3fb206653,6823469b436f44ab6db3154e,68774476dff1e9c4616e78dc,68931c8328b5a7a167270366,238180,193600,18370,0.095,684ab4dce856ee7729dde255,224,0.813,GEN
68bac639ff370da694e26692,6825c30edbda2b3debc751ff,685fd2cf267d3d01c364e637,68887d5a2c5282412771db57,68876e3f6382aed3fb206654,6823469b436f44ab6db3154e,68774476dff1e9c4616e78dc,68931c8328b5a7a1672702fa,217835,193804,11872,0.061,684ab4dce856ee7729dde255,225,0.89,SC
68bac639ff370da694e26693,6825c30edbda2b3debc751ff,685fd2cf267d3d01c364e637,68887d5a2c5282412771db57,68876e3f6382aed3fb206654,6823469b436f44ab6db3154e,6877446edff1e9c4616e78d9,6895a419e35251fb74323a21,208610,176097,6571,0.037,684ab4dce856ee7729dde255,225,0.844,SC
68bac639ff370da694e26696,6825c30edbda2b3debc751ff,685fd2cf267d3d01c364e637,68887d5a2c5282412771db57,68876e3f6382aed3fb206655,68316363fb08f1710d17d2d5,68774476dff1e9c4616e78dc,68931c8328b5a7a1672702e0,241708,203919,350,0.002,684ab4dce856ee7729dde255,226,0.844,GEN
68bac639ff370da694e26697,6825c30edbda2b3debc751ff,685fd2cf267d3d01c364e637,68887d5a2c5282412771db57,68876e3f6382aed3fb206655,68316363fb08f1710d17d2d5,6877446edff1e9c4616e78d9,6895b201e35251fb74323c8c,230341,181374,7125,0.039,684ab4dce856ee7729dde255,226,0.787,GEN
68bac639ff370da694e2669a,6825c30edbda2b3debc751ff,685fd2cf267d3d01c364e637,68887d5a2c5282412771db57,68876e3f6382aed3fb206656,6823469b436f44ab6db3154e,68774476dff1e9c4616e78dc,68931c8328b5a7a1672702e5,221893,178673,2108,0.012,684ab4dce856ee7729dde255,227,0.805,GEN
68bac639ff370da694e2669b,6825c30edbda2b3debc751ff,685fd2cf267d3d01c364e637,68887d5a2c5282412771db57,68876e3f6382aed3fb206656,6823469b436f44ab6db3154e,6877446edff1e9c4616e78d9,6895b201e35251fb74323c8d,211993,159501,25755,0.161,684ab4dce856ee7729dde255,227,0.752,GEN
68bac639ff370da694e2669e,6825c30edbda2b3debc751ff,685fd2cf267d3d01c364e637,68887d5a2c5282412771db57,68876e3f6382aed3fb206657,6823469b436f44ab6db3154e,68774476dff1e9c4616e78dc,68931c8328b5a7a1672702cf,177729,151500,25954,0.171,684ab4dce856ee7729dde255,228,0.852,GEN
68bac639ff370da694e2669f,6825c30edbda2b3debc751ff,685fd2cf267d3d01c364e637,68887d5a2c5282412771db57,68876e3f6382aed3fb206657,6823469b436f44ab6db3154e,6877446edff1e9c4616e78d9,6895a419e35251fb74323a23,170954,133733,14028,0.105,684ab4dce856ee7729dde255,228,0.782,GEN
68bac639ff370da694e266a0,6825c30edbda2b3debc751ff,685fd2cf267d3d01c364e637,68887d5a2c5282412771db57,68876e3f6382aed3fb206658,6823469b436f44ab6db3154e,6877446edff1e9c4616e78d9,688777c776bc0350acbf5750,197859,146420,21667,0.148,684ab4dce856ee7729dde255,229,0.74,GEN
68bac639ff370da694e266a1,6825c30edbda2b3debc751ff,685fd2cf267d3d01c364e637,68887d5a2c5282412771db57,68876e3f6382aed3fb206658,6823469b436f44ab6db3154e,68774476dff1e9c4616e78dc,688777c776bc0350acbf5750,205628,165755,14857,0.09,684ab4dce856ee7729dde255,229,0.806,GEN
68bac639ff370da694e266a6,6825c30edbda2b3debc751ff,685fd2cf267d3d01c364e637,68887d5a2c5282412771db57,68876e3f6382aed3fb206659,6823469b436f44ab6db3154e,6877446edff1e9c4616e78d9,68931c8328b5a7a167270323,157590,122372,13651,0.112,684ab4dce856ee7729dde255,230,0.777,GEN
68bac639ff370da694e266a7,6825c30edbda2b3debc751ff,685fd2cf267d3d01c364e637,68887d5a2c5282412771db57,68876e3f6382aed3fb206659,6823469b436f44ab6db3154e,68774476dff1e9c4616e78dc,68931c8328b5a7a167270323,162267,137948,4271,0.031,684ab4dce856ee7729dde255,230,0.85,GEN
68bac639ff370da694e2630b,6825c30edbda2b3debc751ff,685fd281267d3d01c364e627,68887d5a2c5282412771db41,68876e3f6382aed3fb206575,68316363fb08f1710d17d2d5,68774484dff1e9c4616e78df,688777c776bc0350acbf566d,517954,210108,11130,0.053,684ab4dce856ee7729dde255,1,0.406,GEN
68bac639ff370da694e2630f,6825c30edbda2b3debc751ff,685fd281267d3d01c364e627,68887d5a2c5282412771db41,68876e3f6382aed3fb206576,68316363fb08f1710d17d2d5,68774484dff1e9c4616e78df,688777c776bc0350acbf566e,506538,205207,18059,0.088,684ab4dce856ee7729dde255,2,0.405,GEN
68bac639ff370da694e26312,6825c30edbda2b3debc751ff,685fd281267d3d01c364e627,68887d5a2c5282412771db41,68876e3f6382aed3fb206577,6823469b436f44ab6db3154e,68774484dff1e9c4616e78df,688777c776bc0350acbf566f,467894,179563,9805,0.055,684ab4dce856ee7729dde255,3,0.384,GEN
68bac639ff370da694e26316,6825c30edbda2b3debc751ff,685fd281267d3d01c364e627,68887d5a2c5282412771db41,68876e3f6382aed3fb206578,68316363fb08f1710d17d2d5,68774484dff1e9c4616e78df,688777c776bc0350acbf5670,526614,190227,30281,0.159,684ab4dce856ee7729dde255,4,0.361,GEN
68bac639ff370da694e2631a,6825c30edbda2b3debc751ff,685fd281267d3d01c364e627,68887d5a2c5282412771db41,68876e3f6382aed3fb206579,6823469b436f44ab6db3154e,68774484dff1e9c4616e78df,688777c776bc0350acbf5671,513910,185577,16008,0.086,684ab4dce856ee7729dde255,5,0.361,GEN
68bac639ff370da694e2631e,6825c30edbda2b3debc751ff,685fd281267d3d01c364e627,68887d5a2c5282412771db41,68876e3f6382aed3fb20657a,68316363fb08f1710d17d2d5,68774484dff1e9c4616e78df,688777c776bc0350acbf5672,525756,170216,19871,0.117,684ab4dce856ee7729dde255,6,0.324,GEN
68bac639ff370da694e26322,6825c30edbda2b3debc751ff,685fd281267d3d01c364e627,68887d5a2c5282412771db41,68876e3f6382aed3fb20657b,6823469b436f44ab6db3154e,68774484dff1e9c4616e78df,688777c776bc0350acbf5673,463618,160936,24461,0.152,684ab4dce856ee7729dde255,7,0.347,GEN
68bac639ff370da694e26326,6825c30edbda2b3debc751ff,685fd281267d3d01c364e627,68887d5a2c5282412771db41,68876e3f6382aed3fb20657c,68316363fb08f1710d17d2d5,68774484dff1e9c4616e78df,688777c776bc0350acbf5674,482988,144249,22627,0.157,684ab4dce856ee7729dde255,8,0.299,SC
68bac639ff370da694e2632a,6825c30edbda2b3debc751ff,685fd257267d3d01c364e5f5,68887d5a2c5282412771db42,68876e3f6382aed3fb20657d,68316363fb08f1710d17d2d5,68774484dff1e9c4616e78df,688777c776bc0350acbf5675,482126,152647,20228,0.133,684ab4dce856ee7729dde255,9,0.317,GEN
68bac639ff370da694e2632f,6825c30edbda2b3debc751ff,685fd257267d3d01c364e5f5,68887d5a2c5282412771db42,68876e3f6382aed3fb20657e,6823469b436f44ab6db3154e,68774484dff1e9c4616e78df,688777c776bc0350acbf5676,550100,161727,14146,0.087,684ab4dce856ee7729dde255,10,0.294,GEN
68bac639ff370da694e26332,6825c30edbda2b3debc751ff,685fd257267d3d01c364e5f5,68887d5a2c5282412771db42,68876e3f6382aed3fb20657f,6823469b436f44ab6db3154e,68774484dff1e9c4616e78df,688777c776bc0350acbf5677,520092,174191,12397,0.071,684ab4dce856ee7729dde255,11,0.335,GEN
68bac639ff370da694e26336,6825c30edbda2b3debc751ff,685fd257267d3d01c364e5f5,68887d5a2c5282412771db42,68876e3f6382aed3fb206580,6823469b436f44ab6db3154e,68774484dff1e9c4616e78df,688777c776bc0350acbf5678,559552,180626,22010,0.122,684ab4dce856ee7729dde255,12,0.323,GEN
68bac639ff370da694e2633a,6825c30edbda2b3debc751ff,685fd257267d3d01c364e5f5,68887d5a2c5282412771db42,68876e3f6382aed3fb206581,68316363fb08f1710d17d2d5,68774484dff1e9c4616e78df,688777c776bc0350acbf5679,479462,147006,607,0.004,684ab4dce856ee7729dde255,13,0.307,SC
68bac639ff370da694e2633e,6825c30edbda2b3debc751ff,685fd257267d3d01c364e5f5,68887d5a2c5282412771db42,68876e3f6382aed3fb206582,68316363fb08f1710d17d2d5,68774484dff1e9c4616e78df,688777c776bc0350acbf567a,505268,188249,3282,0.017,684ab4dce856ee7729dde255,14,0.373,GEN
68bac639ff370da694e26343,6825c30edbda2b3debc751ff,685fd257267d3d01c364e5f5,68887d5a2c5282412771db43,68876e3f6382aed3fb206583,6823469b436f44ab6db3154e,68774484dff1e9c4616e78df,688777c776bc0350acbf567b,601980,197068,19140,0.097,684ab4dce856ee7729dde255,15,0.327,GEN
68bac639ff370da694e26346,6825c30edbda2b3debc751ff,685fd257267d3d01c364e5f5,68887d5a2c5282412771db43,68876e3f6382aed3fb206584,68316363fb08f1710d17d2d5,68774484dff1e9c4616e78df,688777c776bc0350acbf567c,663240,192206,15353,0.08,684ab4dce856ee7729dde255,16,0.29,GEN
68bac639ff370da694e2634b,6825c30edbda2b3debc751ff,685fd257267d3d01c364e5f5,68887d5a2c5282412771db43,68876e3f6382aed3fb206585,6823469b436f44ab6db3154e,68774484dff1e9c4616e78df,688777c776bc0350acbf567d,516602,165507,2536,0.015,684ab4dce856ee7729dde255,17,0.32,GEN
68bac639ff370da694e2634e,6825c30edbda2b3debc751ff,685fd257267d3d01c364e5f5,68887d5a2c5282412771db43,68876e3f6382aed3fb206586,6823469b436f44ab6db3154e,68774484dff1e9c4616e78df,688777c776bc0350acbf567e,485926,181820,22354,0.123,684ab4dce856ee7729dde255,18,0.374,GEN
68bac639ff370da694e26352,6825c30edbda2b3debc751ff,685fd257267d3d01c364e5f5,68887d5a2c5282412771db43,68876e3f6382aed3fb206587,68316363fb08f1710d17d2d5,68774484dff1e9c4616e78df,688777c776bc0350acbf567f,484726,174636,2267,0.013,684ab4dce856ee7729dde255,19,0.36,SC
68bac639ff370da694e26356,6825c30edbda2b3debc751ff,685fd257267d3d01c364e5f5,68887d5a2c5282412771db43,68876e3f6382aed3fb206588,6823469b436f44ab6db3154e,68774484dff1e9c4616e78df,688777c776bc0350acbf5680,383930,140475,2558,0.018,684ab4dce856ee7729dde255,20,0.366,GEN
68bac639ff370da694e2635a,6825c30edbda2b3debc751ff,685fd257267d3d01c364e5f5,68887d5a2c5282412771db42,68876e3f6382aed3fb206589,68316363fb08f1710d17d2d5,68774484dff1e9c4616e78df,688777c776bc0350acbf5681,379852,138653,29438,0.212,684ab4dce856ee7729dde255,21,0.365,SC
68bac639ff370da694e2635e,6825c30edbda2b3debc751ff,685fd257267d3d01c364e5f5,68887d5a2c5282412771db42,68876e3f6382aed3fb20658a,68316363fb08f1710d17d2d5,68774484dff1e9c4616e78df,688777c776bc0350acbf5682,440788,175307,7742,0.044,684ab4dce856ee7729dde255,22,0.398,GEN
68bac639ff370da694e26362,6825c30edbda2b3debc751ff,685fd257267d3d01c364e5f5,68887d5a2c5282412771db43,68876e3f6382aed3fb20658b,6823469b436f44ab6db3154e,68774484dff1e9c4616e78df,688777c776bc0350acbf5683,530574,200515,3103,0.015,684ab4dce856ee7729dde255,23,0.378,SC
68bac639ff370da694e26366,6825c30edbda2b3debc751ff,685fd257267d3d01c364e5f5,68887d5a2c5282412771db43,68876e3f6382aed3fb20658c,68316363fb08f1710d17d2d5,68774484dff1e9c4616e78df,688777c776bc0350acbf5684,487374,191852,49481,0.258,684ab4dce856ee7729dde255,24,0.394,GEN
68bac639ff370da694e2636a,6825c30edbda2b3debc751ff,685fd257267d3d01c364e5f5,68887d5a2c5282412771db44,68876e3f6382aed3fb20658d,6823469b436f44ab6db3154e,68774484dff1e9c4616e78df,688777c776bc0350acbf5685,517182,196563,43030,0.219,684ab4dce856ee7729dde255,25,0.38,GEN
68bac639ff370da694e2636e,6825c30edbda2b3debc751ff,685fd257267d3d01c364e5f5,68887d5a2c5282412771db44,68876e3f6382aed3fb20658e,6823469b436f44ab6db3154e,68774484dff1e9c4616e78df,688777c776bc0350acbf5686,536654,228813,21882,0.096,684ab4dce856ee7729dde255,26,0.426,GEN
68bac639ff370da694e26372,6825c30edbda2b3debc751ff,685fd257267d3d01c364e5f5,68887d5a2c5282412771db44,68876e3f6382aed3fb20658f,6823469b436f44ab6db3154e,68774484dff1e9c4616e78df,688777c776bc0350acbf5687,505528,198264,50973,0.257,684ab4dce856ee7729dde255,27,0.392,GEN
68bac639ff370da694e26376,6825c30edbda2b3debc751ff,685fd257267d3d01c364e5f5,68887d5a2c5282412771db44,68876e3f6382aed3fb206590,68316363fb08f1710d17d2d5,68774484dff1e9c4616e78df,688777c776bc0350acbf5688,450168,180980,14796,0.082,684ab4dce856ee7729dde255,28,0.402,GEN
68bac639ff370da694e2637a,6825c30edbda2b3debc751ff,685fd257267d3d01c364e5f5,68887d5a2c5282412771db44,68876e3f6382aed3fb206591,6823469b436f44ab6db3154e,68774484dff1e9c4616e78df,688777c776bc0350acbf5689,470432,170666,66454,0.389,684ab4dce856ee7729dde255,29,0.363,SC
68bac639ff370da694e2637e,6825c30edbda2b3debc751ff,685fd2e5267d3d01c364e63f,68887d5a2c5282412771db54,68876e3f6382aed3fb206592,6823469b436f44ab6db3154e,68774484dff1e9c4616e78df,688777c776bc0350acbf568a,473450,192998,61570,0.319,684ab4dce856ee7729dde255,30,0.408,GEN
68bac639ff370da694e26384,6825c30edbda2b3debc751ff,685fd2e5267d3d01c364e63f,68887d5a2c5282412771db54,68876e3f6382aed3fb206593,68316363fb08f1710d17d2d5,68774484dff1e9c4616e78df,688777c776bc0350acbf568b,472540,194955,4505,0.023,684ab4dce856ee7729dde255,31,0.413,GEN
68bac639ff370da694e26386,6825c30edbda2b3debc751ff,685fd257267d3d01c364e5f5,68887d5a2c5282412771db44,68876e3f6382aed3fb206594,68316363fb08f1710d17d2d5,68774484dff1e9c4616e78df,688777c776bc0350acbf568c,437074,171405,8373,0.049,684ab4dce856ee7729dde255,32,0.392,SC
68bac639ff370da694e2638a,6825c30edbda2b3debc751ff,685fd257267d3d01c364e5f5,68887d5a2c5282412771db44,68876e3f6382aed3fb206595,6823469b436f44ab6db3154e,68774484dff1e9c4616e78df,688777c776bc0350acbf568d,396304,157567,21768,0.138,684ab4dce856ee7729dde255,33,0.398,GEN
68bac639ff370da694e2638f,6825c30edbda2b3debc751ff,685fd257267d3d01c364e5f5,68887d5a2c5282412771db44,68876e3f6382aed3fb206596,6823469b436f44ab6db3154e,68774484dff1e9c4616e78df,688777c776bc0350acbf568e,428960,170008,5422,0.032,684ab4dce856ee7729dde255,34,0.396,GEN
68bac639ff370da694e26392,6825c30edbda2b3debc751ff,685fd2fe267d3d01c364e64f,68887d5a2c5282412771db45,68876e3f6382aed3fb206597,68316363fb08f1710d17d2d5,68774484dff1e9c4616e78df,688777c776bc0350acbf568f,381296,142440,6155,0.043,684ab4dce856ee7729dde255,35,0.374,SC
68bac639ff370da694e26396,6825c30edbda2b3debc751ff,685fd2fe267d3d01c364e64f,68887d5a2c5282412771db45,68876e3f6382aed3fb206598,6823469b436f44ab6db3154e,68774484dff1e9c4616e78df,688777c776bc0350acbf5690,427587,169773,47325,0.279,684ab4dce856ee7729dde255,36,0.397,GEN
68bac639ff370da694e2639b,6825c30edbda2b3debc751ff,685fd2fe267d3d01c364e64f,68887d5a2c5282412771db45,68876e3f6382aed3fb206599,6823469b436f44ab6db3154e,68774484dff1e9c4616e78df,688777c776bc0350acbf5691,448776,170377,2178,0.013,684ab4dce856ee7729dde255,37,0.38,GEN
68bac639ff370da694e2639e,6825c30edbda2b3debc751ff,685fd2fe267d3d01c364e64f,68887d5a2c5282412771db47,68876e3f6382aed3fb20659a,6823469b436f44ab6db3154e,68774484dff1e9c4616e78df,688777c776bc0350acbf5692,432994,170425,27223,0.16,684ab4dce856ee7729dde255,38,0.394,GEN
68bac639ff370da694e263a4,6825c30edbda2b3debc751ff,685fd2fe267d3d01c364e64f,68887d5a2c5282412771db47,68876e3f6382aed3fb20659b,6823469b436f44ab6db3154e,68774484dff1e9c4616e78df,688777c776bc0350acbf5693,487100,193485,72800,0.376,684ab4dce856ee7729dde255,39,0.397,GEN
68bac639ff370da694e263a6,6825c30edbda2b3debc751ff,685fd2fe267d3d01c364e64f,68887d5a2c5282412771db45,68876e3f6382aed3fb20659c,6823469b436f44ab6db3154e,68774484dff1e9c4616e78df,688777c776bc0350acbf5694,474232,168327,14412,0.086,684ab4dce856ee7729dde255,40,0.355,SC
68bac639ff370da694e263aa,6825c30edbda2b3debc751ff,685fd2fe267d3d01c364e64f,68887d5a2c5282412771db45,68876e3f6382aed3fb20659d,6823469b436f44ab6db3154e,68774484dff1e9c4616e78df,688777c776bc0350acbf5695,419108,140712,15021,0.107,684ab4dce856ee7729dde255,41,0.336,GEN
68bac639ff370da694e263ae,6825c30edbda2b3debc751ff,685fd2fe267d3d01c364e64f,68887d5a2c5282412771db47,68876e3f6382aed3fb20659e,6823469b436f44ab6db3154e,68774484dff1e9c4616e78df,688777c776bc0350acbf5696,496378,192721,34751,0.18,684ab4dce856ee7729dde255,42,0.388,GEN
68bac639ff370da694e263b2,6825c30edbda2b3debc751ff,685fd2fe267d3d01c364e64f,68887d5a2c5282412771db46,68876e3f6382aed3fb20659f,68316363fb08f1710d17d2d5,68774484dff1e9c4616e78df,688777c776bc0350acbf5697,451580,177456,9118,0.051,684ab4dce856ee7729dde255,43,0.393,GEN
68bac639ff370da694e263b7,6825c30edbda2b3debc751ff,685fd2fe267d3d01c364e64f,68887d5a2c5282412771db46,68876e3f6382aed3fb2065a0,6823469b436f44ab6db3154e,68774484dff1e9c4616e78df,688777c776bc0350acbf5698,441354,165092,11216,0.068,684ab4dce856ee7729dde255,44,0.374,SC
68bac639ff370da694e263ba,6825c30edbda2b3debc751ff,685fd2fe267d3d01c364e64f,68887d5a2c5282412771db46,68876e3f6382aed3fb2065a1,68316363fb08f1710d17d2d5,68774484dff1e9c4616e78df,688777c776bc0350acbf5699,426302,176512,1831,0.01,684ab4dce856ee7729dde255,45,0.414,GEN
68bac639ff370da694e263c0,6825c30edbda2b3debc751ff,685fd2fe267d3d01c364e64f,68887d5a2c5282412771db46,68876e3f6382aed3fb2065a2,6823469b436f44ab6db3154e,68774484dff1e9c4616e78df,688777c776bc0350acbf569a,396964,160940,17157,0.107,684ab4dce856ee7729dde255,46,0.405,GEN
68bac639ff370da694e263c2,6825c30edbda2b3debc751ff,685fd2fe267d3d01c364e64f,68887d5a2c5282412771db46,68876e3f6382aed3fb2065a3,68316363fb08f1710d17d2d5,68774484dff1e9c4616e78df,688777c776bc0350acbf569b,499778,186696,8117,0.043,684ab4dce856ee7729dde255,47,0.374,GEN
68bac639ff370da694e263c6,6825c30edbda2b3debc751ff,685fd2fe267d3d01c364e64f,68887d5a2c5282412771db46,68876e3f6382aed3fb2065a4,6823469b436f44ab6db3154e,68774484dff1e9c4616e78df,688777c776bc0350acbf569c,471506,169974,26617,0.157,684ab4dce856ee7729dde255,48,0.36,GEN
68bac639ff370da694e263ca,6825c30edbda2b3debc751ff,685fd2fe267d3d01c364e64f,68887d5a2c5282412771db48,68876e3f6382aed3fb2065a5,6823469b436f44ab6db3154e,68774484dff1e9c4616e78df,688777c776bc0350acbf569d,473634,159359,15491,0.097,684ab4dce856ee7729dde255,49,0.336,SC
68bac639ff370da694e263ce,6825c30edbda2b3debc751ff,685fd2fe267d3d01c364e64f,68887d5a2c5282412771db48,68876e3f6382aed3fb2065a6,6823469b436f44ab6db3154e,68774484dff1e9c4616e78df,688777c776bc0350acbf569e,500830,182000,5867,0.032,684ab4dce856ee7729dde255,50,0.363,GEN
68bac639ff370da694e263d3,6825c30edbda2b3debc751ff,685fd2fe267d3d01c364e64f,68887d5a2c5282412771db46,68876e3f6382aed3fb2065a7,6823469b436f44ab6db3154e,68774484dff1e9c4616e78df,688777c776bc0350acbf569f,463802,169847,6967,0.041,684ab4dce856ee7729dde255,51,0.366,GEN
68bac639ff370da694e263d6,6825c30edbda2b3debc751ff,685fd2fe267d3d01c364e64f,68887d5a2c5282412771db46,68876e3f6382aed3fb2065a8,6823469b436f44ab6db3154e,68774484dff1e9c4616e78df,688777c776bc0350acbf56a0,461650,166310,32462,0.195,684ab4dce856ee7729dde255,52,0.36,GEN
68bac639ff370da694e263da,6825c30edbda2b3debc751ff,685fd2fe267d3d01c364e64f,68887d5a2c5282412771db47,68876e3f6382aed3fb2065a9,68316363fb08f1710d17d2d5,68774484dff1e9c4616e78df,688777c776bc0350acbf56a1,465558,169997,21532,0.127,684ab4dce856ee7729dde255,53,0.365,GEN
68bac639ff370da694e263df,6825c30edbda2b3debc751ff,685fd2fe267d3d01c364e64f,68887d5a2c5282412771db47,68876e3f6382aed3fb2065aa,6823469b436f44ab6db3154e,68774484dff1e9c4616e78df,688777c776bc0350acbf56a2,474486,186640,18159,0.097,684ab4dce856ee7729dde255,54,0.393,GEN
68bac639ff370da694e263e3,6825c30edbda2b3debc751ff,685fd2fe267d3d01c364e64f,68887d5a2c5282412771db47,68876e3f6382aed3fb2065ab,6823469b436f44ab6db3154e,68774484dff1e9c4616e78df,688777c776bc0350acbf56a3,491590,187273,51351,0.274,684ab4dce856ee7729dde255,55,0.381,GEN
68bac639ff370da694e263e7,6825c30edbda2b3debc751ff,685fd2fe267d3d01c364e64f,68887d5a2c5282412771db47,68876e3f6382aed3fb2065ac,6823469b436f44ab6db3154e,68774484dff1e9c4616e78df,688777c776bc0350acbf56a4,478628,192131,15883,0.083,684ab4dce856ee7729dde255,56,0.401,GEN
68bac639ff370da694e263ea,6825c30edbda2b3debc751ff,685fd2fe267d3d01c364e64f,68887d5a2c5282412771db47,68876e3f6382aed3fb2065ad,6823469b436f44ab6db3154e,68774484dff1e9c4616e78df,688777c776bc0350acbf56a5,490626,180008,57021,0.317,684ab4dce856ee7729dde255,57,0.367,SC
68bac639ff370da694e263ef,6825c30edbda2b3debc751ff,685fd2fe267d3d01c364e64f,68887d5a2c5282412771db48,68876e3f6382aed3fb2065ae,6823469b436f44ab6db3154e,68774484dff1e9c4616e78df,688777c776bc0350acbf56a6,564148,211344,22043,0.104,684ab4dce856ee7729dde255,58,0.375,GEN
68bac639ff370da694e263f2,6825c30edbda2b3debc751ff,685fd2fe267d3d01c364e64f,68887d5a2c5282412771db48,68876e3f6382aed3fb2065af,6823469b436f44ab6db3154e,68774484dff1e9c4616e78df,688777c776bc0350acbf56a7,464448,166195,1160,0.007,684ab4dce856ee7729dde255,59,0.358,SC
68bac639ff370da694e263f7,6825c30edbda2b3debc751ff,685fd2fe267d3d01c364e64f,68887d5a2c5282412771db48,68876e3f6382aed3fb2065b0,6823469b436f44ab6db3154e,68774484dff1e9c4616e78df,688777c776bc0350acbf56a8,501744,186629,17910,0.096,684ab4dce856ee7729dde255,60,0.372,GEN
68bac639ff370da694e263fa,6825c30edbda2b3debc751ff,685fd30a267d3d01c364e657,68887d5a2c5282412771db49,68876e3f6382aed3fb2065b1,6823469b436f44ab6db3154e,68774484dff1e9c4616e78df,688777c776bc0350acbf56a9,437836,154477,6670,0.043,684ab4dce856ee7729dde255,61,0.353,GEN
68bac639ff370da694e263fe,6825c30edbda2b3debc751ff,685fd30a267d3d01c364e657,68887d5a2c5282412771db49,68876e3f6382aed3fb2065b2,6823469b436f44ab6db3154e,68774484dff1e9c4616e78df,688777c776bc0350acbf56aa,440018,156085,36060,0.231,684ab4dce856ee7729dde255,62,0.355,SC
68bac639ff370da694e26403,6825c30edbda2b3debc751ff,685fd30a267d3d01c364e657,68887d5a2c5282412771db49,68876e3f6382aed3fb2065b3,68316363fb08f1710d17d2d5,68774484dff1e9c4616e78df,688777c776bc0350acbf56ab,491846,177439,4041,0.023,684ab4dce856ee7729dde255,63,0.361,GEN
68bac639ff370da694e26407,6825c30edbda2b3debc751ff,685fd30a267d3d01c364e657,68887d5a2c5282412771db49,68876e3f6382aed3fb2065b4,6823469b436f44ab6db3154e,68774484dff1e9c4616e78df,688777c776bc0350acbf56ac,479544,181640,17369,0.096,684ab4dce856ee7729dde255,64,0.379,GEN
68bac639ff370da694e2640d,6825c30edbda2b3debc751ff,685fd30a267d3d01c364e657,68887d5a2c5282412771db49,68876e3f6382aed3fb2065b5,6823469b436f44ab6db3154e,68774484dff1e9c4616e78df,688777c776bc0350acbf56ad,512782,196289,21394,0.109,684ab4dce856ee7729dde255,65,0.383,GEN
68bac639ff370da694e26411,6825c30edbda2b3debc751ff,685fd30a267d3d01c364e657,68887d5a2c5282412771db49,68876e3f6382aed3fb2065b6,68316363fb08f1710d17d2d5,68774484dff1e9c4616e78df,688777c776bc0350acbf56ae,489690,183762,6490,0.035,684ab4dce856ee7729dde255,66,0.375,GEN
68bac639ff370da694e26415,6825c30edbda2b3debc751ff,685fd30a267d3d01c364e657,68887d5a2c5282412771db49,68876e3f6382aed3fb2065b7,6823469b436f44ab6db3154e,68774484dff1e9c4616e78df,688777c776bc0350acbf56af,527196,194086,22581,0.116,684ab4dce856ee7729dde255,67,0.368,GEN
68bac639ff370da694e2641b,6825c30edbda2b3debc751ff,685fd30a267d3d01c364e657,68887d5a2c5282412771db4a,68876e3f6382aed3fb2065b8,6823469b436f44ab6db3154e,68774484dff1e9c4616e78df,688777c776bc0350acbf56b0,442018,141898,13790,0.097,684ab4dce856ee7729dde255,68,0.321,GEN
68bac639ff370da694e2641d,6825c30edbda2b3debc751ff,685fd30a267d3d01c364e657,68887d5a2c5282412771db4a,68876e3f6382aed3fb2065b9,68316363fb08f1710d17d2d5,68774484dff1e9c4616e78df,688777c776bc0350acbf56b1,452214,159349,637,0.004,684ab4dce856ee7729dde255,69,0.352,GEN
68bac639ff370da694e26421,6825c30edbda2b3debc751ff,685fd30a267d3d01c364e657,68887d5a2c5282412771db4a,68876e3f6382aed3fb2065ba,6823469b436f44ab6db3154e,68774484dff1e9c4616e78df,688777c776bc0350acbf56b2,434906,147877,4746,0.032,684ab4dce856ee7729dde255,70,0.34,GEN
68bac639ff370da694e26426,6825c30edbda2b3debc751ff,685fd30a267d3d01c364e657,68887d5a2c5282412771db4a,68876e3f6382aed3fb2065bb,6823469b436f44ab6db3154e,68774484dff1e9c4616e78df,688777c776bc0350acbf56b3,455844,153868,7174,0.047,684ab4dce856ee7729dde255,71,0.338,GEN
68bac639ff370da694e2642b,6825c30edbda2b3debc751ff,685fd30a267d3d01c364e657,68887d5a2c5282412771db4a,68876e3f6382aed3fb2065bc,6823469b436f44ab6db3154e,68774484dff1e9c4616e78df,688777c776bc0350acbf56b4,491156,154283,24386,0.158,684ab4dce856ee7729dde255,72,0.314,GEN
68bac639ff370da694e2642d,6825c30edbda2b3debc751ff,685fd30a267d3d01c364e657,68887d5a2c5282412771db4a,68876e3f6382aed3fb2065bd,6823469b436f44ab6db3154e,68774484dff1e9c4616e78df,688777c776bc0350acbf56b5,499092,154097,31912,0.207,684ab4dce856ee7729dde255,73,0.309,SC
68bac639ff370da694e26433,6825c30edbda2b3debc751ff,685fd30a267d3d01c364e657,68887d5a2c5282412771db4a,68876e3f6382aed3fb2065be,6823469b436f44ab6db3154e,68774484dff1e9c4616e78df,688777c776bc0350acbf56b6,440682,150934,21339,0.141,684ab4dce856ee7729dde255,74,0.343,GEN
68bac639ff370da694e26436,6825c30edbda2b3debc751ff,685fd30a267d3d01c364e657,68887d5a2c5282412771db4a,68876e3f6382aed3fb2065bf,6823469b436f44ab6db3154e,68774484dff1e9c4616e78df,688777c776bc0350acbf56ac,466566,164814,2493,0.015,684ab4dce856ee7729dde255,75,0.353,GEN
68bac639ff370da694e2643d,6825c30edbda2b3debc751ff,685fd30a267d3d01c364e657,68887d5a2c5282412771db4b,68876e3f6382aed3fb2065c0,68316363fb08f1710d17d2d5,68774484dff1e9c4616e78df,688777c776bc0350acbf56b8,527864,188335,27777,0.147,684ab4dce856ee7729dde255,76,0.357,GEN
68bac639ff370da694e26440,6825c30edbda2b3debc751ff,685fd30a267d3d01c364e657,68887d5a2c5282412771db4b,68876e3f6382aed3fb2065c1,6823469b436f44ab6db3154e,68774484dff1e9c4616e78df,688777c776bc0350acbf56b9,512754,176264,35418,0.201,684ab4dce856ee7729dde255,77,0.344,GEN
68bac639ff370da694e26444,6825c30edbda2b3debc751ff,685fd30a267d3d01c364e657,68887d5a2c5282412771db4b,68876e3f6382aed3fb2065c2,6823469b436f44ab6db3154e,68774484dff1e9c4616e78df,688777c776bc0350acbf56ba,506434,174287,16478,0.095,684ab4dce856ee7729dde255,78,0.344,GEN
68bac639ff370da694e26448,6825c30edbda2b3debc751ff,685fd30a267d3d01c364e657,68887d5a2c5282412771db4b,68876e3f6382aed3fb2065c3,6823469b436f44ab6db3154e,68774484dff1e9c4616e78df,688777c776bc0350acbf56bb,501964,176850,59879,0.339,684ab4dce856ee7729dde255,79,0.352,ST
68bac639ff370da694e2644c,6825c30edbda2b3debc751ff,685fd30a267d3d01c364e657,68887d5a2c5282412771db4b,68876e3f6382aed3fb2065c4,6823469b436f44ab6db3154e,68774484dff1e9c4616e78df,688777c776bc0350acbf56bc,432774,157656,37977,0.241,684ab4dce856ee7729dde255,80,0.364,GEN
68bac639ff370da694e26451,6825c30edbda2b3debc751ff,685fd30a267d3d01c364e657,68887d5a2c5282412771db4b,68876e3f6382aed3fb2065c5,6823469b436f44ab6db3154e,68774484dff1e9c4616e78df,688777c776bc0350acbf56bd,482040,189197,22454,0.119,684ab4dce856ee7729dde255,81,0.392,SC
68bac639ff370da694e26456,6825c30edbda2b3debc751ff,685fd30a267d3d01c364e657,68887d5a2c5282412771db4b,68876e3f6382aed3fb2065c6,6823469b436f44ab6db3154e,68774484dff1e9c4616e78df,688777c776bc0350acbf56be,502382,182447,3321,0.018,684ab4dce856ee7729dde255,82,0.363,ST
68bac639ff370da694e26458,6825c30edbda2b3debc751ff,685fd30a267d3d01c364e657,68887d5a2c5282412771db4b,68876e3f6382aed3fb2065c7,6823469b436f44ab6db3154e,68774484dff1e9c4616e78df,688777c776bc0350acbf56bf,556954,205653,26482,0.129,684ab4dce856ee7729dde255,83,0.369,ST
68bac639ff370da694e2645c,6825c30edbda2b3debc751ff,685fd318267d3d01c364e65f,68887d5a2c5282412771db4c,68876e3f6382aed3fb2065c8,6823469b436f44ab6db3154e,68774484dff1e9c4616e78df,688777c776bc0350acbf56c0,512796,205613,37951,0.185,684ab4dce856ee7729dde255,84,0.401,ST
68bac639ff370da694e26461,6825c30edbda2b3debc751ff,685fd318267d3d01c364e65f,68887d5a2c5282412771db4c,68876e3f6382aed3fb2065c9,6823469b436f44ab6db3154e,68774484dff1e9c4616e78df,688777c776bc0350acbf56c1,492972,197091,31705,0.161,684ab4dce856ee7729dde255,85,0.4,ST
68bac639ff370da694e26464,6825c30edbda2b3debc751ff,685fd318267d3d01c364e65f,68887d5a2c5282412771db4c,68876e3f6382aed3fb2065ca,6823469b436f44ab6db3154e,68774484dff1e9c4616e78df,688777c776bc0350acbf56c2,300930,117144,22788,0.195,684ab4dce856ee7729dde255,86,0.389,GEN
68bac639ff370da694e26468,6825c30edbda2b3debc751ff,685fd318267d3d01c364e65f,68887d5a2c5282412771db4c,68876e3f6382aed3fb2065cb,6823469b436f44ab6db3154e,68774484dff1e9c4616e78df,688777c776bc0350acbf56c3,357026,137706,20419,0.148,684ab4dce856ee7729dde255,87,0.386,ST
68bac639ff370da694e2646e,6825c30edbda2b3debc751ff,685fd318267d3d01c364e65f,68887d5a2c5282412771db4c,68876e3f6382aed3fb2065cc,68316363fb08f1710d17d2d5,68774484dff1e9c4616e78df,688777c776bc0350acbf56c4,401054,157446,4486,0.028,684ab4dce856ee7729dde255,88,0.393,ST
68bac639ff370da694e26470,6825c30edbda2b3debc751ff,685fd318267d3d01c364e65f,68887d5a2c5282412771db4c,68876e3f6382aed3fb2065cd,6823469b436f44ab6db3154e,68774484dff1e9c4616e78df,688777c776bc0350acbf56c5,458252,178457,23711,0.133,684ab4dce856ee7729dde255,89,0.389,ST
68bac639ff370da694e26476,6825c30edbda2b3debc751ff,685fd318267d3d01c364e65f,68887d5a2c5282412771db4c,68876e3f6382aed3fb2065ce,6823469b436f44ab6db3154e,68774484dff1e9c4616e78df,688777c776bc0350acbf56c6,500754,191153,25265,0.132,684ab4dce856ee7729dde255,90,0.382,ST
68bac639ff370da694e26478,6825c30edbda2b3debc751ff,685fd318267d3d01c364e65f,68887d5a2c5282412771db4c,68876e3f6382aed3fb2065cf,6823469b436f44ab6db3154e,68774484dff1e9c4616e78df,688777c776bc0350acbf56c7,507182,194994,50993,0.262,684ab4dce856ee7729dde255,91,0.384,ST
68bac639ff370da694e2647d,6825c30edbda2b3debc751ff,685fd2fe267d3d01c364e64f,68887d5a2c5282412771db48,68876e3f6382aed3fb2065d0,6823469b436f44ab6db3154e,68774484dff1e9c4616e78df,688777c776bc0350acbf56c8,474726,181549,24346,0.134,684ab4dce856ee7729dde255,92,0.382,GEN
68bac639ff370da694e26480,6825c30edbda2b3debc751ff,685fd2fe267d3d01c364e64f,68887d5a2c5282412771db48,68876e3f6382aed3fb2065d1,6823469b436f44ab6db3154e,68774484dff1e9c4616e78df,688777c776bc0350acbf56c9,499760,175333,24903,0.142,684ab4dce856ee7729dde255,93,0.351,GEN
68bac639ff370da694e26485,6825c30edbda2b3debc751ff,685fd2fe267d3d01c364e64f,68887d5a2c5282412771db48,68876e3f6382aed3fb2065d2,6823469b436f44ab6db3154e,68774484dff1e9c4616e78df,688777c776bc0350acbf56ca,489854,199640,23622,0.118,684ab4dce856ee7729dde255,94,0.408,GEN
68bac639ff370da694e26489,6825c30edbda2b3debc751ff,685fd32b267d3d01c364e667,68887d5a2c5282412771db4d,68876e3f6382aed3fb2065d3,6823469b436f44ab6db3154e,68774484dff1e9c4616e78df,688777c776bc0350acbf56cb,514984,208322,30255,0.145,684ab4dce856ee7729dde255,95,0.405,GEN
68bac639ff370da694e2648c,6825c30edbda2b3debc751ff,685fd32b267d3d01c364e667,68887d5a2c5282412771db4d,68876e3f6382aed3fb2065d4,6823469b436f44ab6db3154e,68774484dff1e9c4616e78df,688777c776bc0350acbf56cc,484720,195967,39957,0.204,684ab4dce856ee7729dde255,96,0.404,GEN
68bac639ff370da694e26490,6825c30edbda2b3debc751ff,685fd32b267d3d01c364e667,68887d5a2c5282412771db4d,68876e3f6382aed3fb2065d5,68316363fb08f1710d17d2d5,68774484dff1e9c4616e78df,688777c776bc0350acbf56cd,495532,171422,27741,0.162,684ab4dce856ee7729dde255,97,0.346,SC
68bac639ff370da694e26494,6825c30edbda2b3debc751ff,685fd32b267d3d01c364e667,68887d5a2c5282412771db4d,68876e3f6382aed3fb2065d6,6823469b436f44ab6db3154e,68774484dff1e9c4616e78df,688777c776bc0350acbf56ce,432718,156219,22655,0.145,684ab4dce856ee7729dde255,98,0.361,GEN
68bac639ff370da694e2649a,6825c30edbda2b3debc751ff,685fd32b267d3d01c364e667,68887d5a2c5282412771db4d,68876e3f6382aed3fb2065d7,6823469b436f44ab6db3154e,68774484dff1e9c4616e78df,688777c776bc0350acbf56cf,373238,127798,30045,0.235,684ab4dce856ee7729dde255,99,0.342,GEN
68bac639ff370da694e2649c,6825c30edbda2b3debc751ff,685fd32b267d3d01c364e667,68887d5a2c5282412771db4d,68876e3f6382aed3fb2065d8,6823469b436f44ab6db3154e,68774484dff1e9c4616e78df,688777c776bc0350acbf56d0,459462,165058,30134,0.183,684ab4dce856ee7729dde255,100,0.359,GEN
68bac639ff370da694e264a1,6825c30edbda2b3debc751ff,685fd32b267d3d01c364e667,68887d5a2c5282412771db4d,68876e3f6382aed3fb2065d9,6823469b436f44ab6db3154e,68774484dff1e9c4616e78df,688777c776bc0350acbf56d1,535682,205895,40541,0.197,684ab4dce856ee7729dde255,101,0.384,GEN
68bac639ff370da694e264a4,6825c30edbda2b3debc751ff,685fd32b267d3d01c364e667,68887d5a2c5282412771db4d,68876e3f6382aed3fb2065da,6823469b436f44ab6db3154e,68774484dff1e9c4616e78df,688777c776bc0350acbf56d2,449814,178490,42772,0.24,684ab4dce856ee7729dde255,102,0.397,ST
68bac639ff370da694e264a9,6825c30edbda2b3debc751ff,685fd32b267d3d01c364e667,68887d5a2c5282412771db4e,68876e3f6382aed3fb2065db,6823469b436f44ab6db3154e,68774484dff1e9c4616e78df,688777c776bc0350acbf56d3,534186,217288,5617,0.026,684ab4dce856ee7729dde255,103,0.407,ST
68bac639ff370da694e264ae,6825c30edbda2b3debc751ff,685fd32b267d3d01c364e667,68887d5a2c5282412771db4e,68876e3f6382aed3fb2065dc,68316363fb08f1710d17d2d5,68774484dff1e9c4616e78df,688777c776bc0350acbf56d4,494858,204055,12265,0.06,684ab4dce856ee7729dde255,104,0.412,ST
68bac639ff370da694e264b1,6825c30edbda2b3debc751ff,685fd32b267d3d01c364e667,68887d5a2c5282412771db4e,68876e3f6382aed3fb2065dd,68316363fb08f1710d17d2d5,68774484dff1e9c4616e78df,688777c776bc0350acbf56d5,518726,209655,11065,0.053,684ab4dce856ee7729dde255,105,0.404,ST
68bac639ff370da694e264b4,6825c30edbda2b3debc751ff,685fd32b267d3d01c364e667,68887d5a2c5282412771db4e,68876e3f6382aed3fb2065de,68316363fb08f1710d17d2d5,68774484dff1e9c4616e78df,688777c776bc0350acbf56d6,528635,213549,9723,0.046,684ab4dce856ee7729dde255,106,0.404,ST
68bac639ff370da694e264b8,6825c30edbda2b3debc751ff,685fd32b267d3d01c364e667,68887d5a2c5282412771db4e,68876e3f6382aed3fb2065df,6823469b436f44ab6db3154e,68774484dff1e9c4616e78df,688777c776bc0350acbf56d7,536379,219643,15947,0.073,684ab4dce856ee7729dde255,107,0.409,ST
68bac639ff370da694e264bd,6825c30edbda2b3debc751ff,685fd32b267d3d01c364e667,68887d5a2c5282412771db4f,68876e3f6382aed3fb2065e0,68316363fb08f1710d17d2d5,68774484dff1e9c4616e78df,688777c776bc0350acbf56d8,463356,195357,551,0.003,684ab4dce856ee7729dde255,108,0.422,ST
68bac639ff370da694e264c0,6825c30edbda2b3debc751ff,685fd32b267d3d01c364e667,68887d5a2c5282412771db4f,68876e3f6382aed3fb2065e1,6823469b436f44ab6db3154e,68774484dff1e9c4616e78df,688777c776bc0350acbf56d9,497658,210377,2773,0.013,684ab4dce856ee7729dde255,109,0.423,GEN
68bac639ff370da694e264c4,6825c30edbda2b3debc751ff,685fd32b267d3d01c364e667,68887d5a2c5282412771db4f,68876e3f6382aed3fb2065e2,68316363fb08f1710d17d2d5,68774484dff1e9c4616e78df,688777c776bc0350acbf56da,451424,192913,25948,0.135,684ab4dce856ee7729dde255,110,0.427,GEN
68bac639ff370da694e264c8,6825c30edbda2b3debc751ff,685fd32b267d3d01c364e667,68887d5a2c5282412771db4f,68876e3f6382aed3fb2065e3,68316363fb08f1710d17d2d5,68774484dff1e9c4616e78df,688777c776bc0350acbf56db,466548,197841,29195,0.148,684ab4dce856ee7729dde255,111,0.424,GEN
68bac639ff370da694e264cc,6825c30edbda2b3debc751ff,685fd32b267d3d01c364e667,68887d5a2c5282412771db4f,68876e3f6382aed3fb2065e4,68316363fb08f1710d17d2d5,68774484dff1e9c4616e78df,688777c776bc0350acbf56dc,408134,175050,1003,0.006,684ab4dce856ee7729dde255,112,0.429,GEN
68bac639ff370da694e264d0,6825c30edbda2b3debc751ff,685fd32b267d3d01c364e667,68887d5a2c5282412771db4f,68876e3f6382aed3fb2065e5,6823469b436f44ab6db3154e,68774484dff1e9c4616e78df,688777c776bc0350acbf56dd,405228,176158,21931,0.124,684ab4dce856ee7729dde255,113,0.435,GEN
68bac639ff370da694e264d5,6825c30edbda2b3debc751ff,685fd32b267d3d01c364e667,68887d5a2c5282412771db4f,68876e3f6382aed3fb2065e6,6823469b436f44ab6db3154e,68774484dff1e9c4616e78df,688777c776bc0350acbf56de,487874,214007,17081,0.08,684ab4dce856ee7729dde255,114,0.439,ST
68bac639ff370da694e264d9,6825c30edbda2b3debc751ff,685fd32b267d3d01c364e667,68887d5a2c5282412771db4f,68876e3f6382aed3fb2065e7,6823469b436f44ab6db3154e,68774484dff1e9c4616e78df,688777c776bc0350acbf56df,550146,230762,18418,0.08,684ab4dce856ee7729dde255,115,0.419,GEN
68bac639ff370da694e264dc,6825c30edbda2b3debc751ff,685fd32b267d3d01c364e667,68887d5a2c5282412771db4e,68876e3f6382aed3fb2065e8,68316363fb08f1710d17d2d5,68774484dff1e9c4616e78df,688777c776bc0350acbf56e0,520856,228366,33760,0.148,684ab4dce856ee7729dde255,116,0.438,GEN
68bac639ff370da694e264e0,6825c30edbda2b3debc751ff,685fd32b267d3d01c364e667,68887d5a2c5282412771db4e,68876e3f6382aed3fb2065e9,68316363fb08f1710d17d2d5,68774484dff1e9c4616e78df,688777c776bc0350acbf56e1,589452,246084,18621,0.076,684ab4dce856ee7729dde255,117,0.417,ST
68bac639ff370da694e264e4,6825c30edbda2b3debc751ff,685fd32b267d3d01c364e667,68887d5a2c5282412771db4e,68876e3f6382aed3fb2065ea,6823469b436f44ab6db3154e,68774484dff1e9c4616e78df,688777c776bc0350acbf56e2,433122,178903,47788,0.267,684ab4dce856ee7729dde255,118,0.413,SC
68bac639ff370da694e264e8,6825c30edbda2b3debc751ff,685fd2f2267d3d01c364e647,68887d5a2c5282412771db51,68876e3f6382aed3fb2065eb,6823469b436f44ab6db3154e,68774484dff1e9c4616e78df,688777c776bc0350acbf56e3,464236,193384,31310,0.162,684ab4dce856ee7729dde255,119,0.417,GEN
68bac639ff370da694e264ec,6825c30edbda2b3debc751ff,685fd2f2267d3d01c364e647,68887d5a2c5282412771db51,68876e3f6382aed3fb2065ec,6823469b436f44ab6db3154e,68774484dff1e9c4616e78df,688777c776bc0350acbf56e4,376840,161207,12347,0.077,684ab4dce856ee7729dde255,120,0.428,GEN
68bac639ff370da694e264f0,6825c30edbda2b3debc751ff,685fd2f2267d3d01c364e647,68887d5a2c5282412771db51,68876e3f6382aed3fb2065ed,6823469b436f44ab6db3154e,68774484dff1e9c4616e78df,688777c776bc0350acbf56e5,425702,175955,56529,0.321,684ab4dce856ee7729dde255,121,0.413,GEN
68bac639ff370da694e264f5,6825c30edbda2b3debc751ff,685fd32b267d3d01c364e667,68887d5a2c5282412771db50,68876e3f6382aed3fb2065ee,68316363fb08f1710d17d2d5,68774484dff1e9c4616e78df,688777c776bc0350acbf56e6,443546,185631,3210,0.017,684ab4dce856ee7729dde255,122,0.419,ST
68bac639ff370da694e264f9,6825c30edbda2b3debc751ff,685fd32b267d3d01c364e667,68887d5a2c5282412771db50,68876e3f6382aed3fb2065ef,68316363fb08f1710d17d2d5,68774484dff1e9c4616e78df,688777c776bc0350acbf56e7,509652,222031,25086,0.113,684ab4dce856ee7729dde255,123,0.436,ST
68bac639ff370da694e264fc,6825c30edbda2b3debc751ff,685fd32b267d3d01c364e667,68887d5a2c5282412771db50,68876e3f6382aed3fb2065f0,68316363fb08f1710d17d2d5,68774484dff1e9c4616e78df,688777c776bc0350acbf56e8,436340,190590,8589,0.045,684ab4dce856ee7729dde255,124,0.437,GEN
68bac639ff370da694e26501,6825c30edbda2b3debc751ff,685fd32b267d3d01c364e667,68887d5a2c5282412771db50,68876e3f6382aed3fb2065f1,68316363fb08f1710d17d2d5,68774484dff1e9c4616e78df,688777c776bc0350acbf56e9,420888,182769,11542,0.063,684ab4dce856ee7729dde255,125,0.434,GEN
68bac639ff370da694e26504,6825c30edbda2b3debc751ff,685fd32b267d3d01c364e667,68887d5a2c5282412771db50,68876e3f6382aed3fb2065f2,68316363fb08f1710d17d2d5,68774484dff1e9c4616e78df,688777c776bc0350acbf56ea,565588,232686,36594,0.157,684ab4dce856ee7729dde255,126,0.411,GEN
68bac639ff370da694e26509,6825c30edbda2b3debc751ff,685fd32b267d3d01c364e667,68887d5a2c5282412771db50,68876e3f6382aed3fb2065f3,68316363fb08f1710d17d2d5,68774484dff1e9c4616e78df,688777c776bc0350acbf56eb,437196,181727,2168,0.012,684ab4dce856ee7729dde255,127,0.416,SC
68bac639ff370da694e2650c,6825c30edbda2b3debc751ff,685fd32b267d3d01c364e667,68887d5a2c5282412771db50,68876e3f6382aed3fb2065f4,68316363fb08f1710d17d2d5,68774484dff1e9c4616e78df,688777c776bc0350acbf56ec,428568,182312,10457,0.057,684ab4dce856ee7729dde255,128,0.425,ST
68bac639ff370da694e26510,6825c30edbda2b3debc751ff,685fd2f2267d3d01c364e647,68887d5a2c5282412771db5c,68876e3f6382aed3fb2065f5,6823469b436f44ab6db3154e,68774484dff1e9c4616e78df,688777c776bc0350acbf56ed,461494,185476,14842,0.08,684ab4dce856ee7729dde255,129,0.402,GEN
68bac639ff370da694e26515,6825c30edbda2b3debc751ff,685fd2f2267d3d01c364e647,68887d5a2c5282412771db5c,68876e3f6382aed3fb2065f6,6823469b436f44ab6db3154e,68774484dff1e9c4616e78df,688777c776bc0350acbf56ee,432490,165974,12118,0.073,684ab4dce856ee7729dde255,130,0.384,SC
68bac639ff370da694e26519,6825c30edbda2b3debc751ff,685fd2f2267d3d01c364e647,68887d5a2c5282412771db5c,68876e3f6382aed3fb2065f7,6823469b436f44ab6db3154e,68774484dff1e9c4616e78df,688777c776bc0350acbf56ef,510974,207523,15533,0.075,684ab4dce856ee7729dde255,131,0.406,GEN
68bac639ff370da694e2651c,6825c30edbda2b3debc751ff,685fd2f2267d3d01c364e647,68887d5a2c5282412771db5c,68876e3f6382aed3fb2065f8,6823469b436f44ab6db3154e,68774484dff1e9c4616e78df,688777c776bc0350acbf56f0,520624,214912,4213,0.02,684ab4dce856ee7729dde255,132,0.413,ST
68bac639ff370da694e26520,6825c30edbda2b3debc751ff,685fd2f2267d3d01c364e647,68887d5a2c5282412771db5c,68876e3f6382aed3fb2065f9,6823469b436f44ab6db3154e,68774484dff1e9c4616e78df,688777c776bc0350acbf56f1,526186,218279,8230,0.038,684ab4dce856ee7729dde255,133,0.415,ST
68bac639ff370da694e26524,6825c30edbda2b3debc751ff,685fd2f2267d3d01c364e647,68887d5a2c5282412771db5c,68876e3f6382aed3fb2065fa,68316363fb08f1710d17d2d5,68774484dff1e9c4616e78df,688777c776bc0350acbf56f2,379266,158917,950,0.006,684ab4dce856ee7729dde255,134,0.419,ST
68bac639ff370da694e26528,6825c30edbda2b3debc751ff,685fd2f2267d3d01c364e647,68887d5a2c5282412771db5c,68876e3f6382aed3fb2065fb,68316363fb08f1710d17d2d5,68774484dff1e9c4616e78df,688777c776bc0350acbf56f3,472014,194213,870,0.004,684ab4dce856ee7729dde255,135,0.411,GEN
68bac639ff370da694e2652c,6825c30edbda2b3debc751ff,685fd2f2267d3d01c364e647,68887d5a2c5282412771db51,68876e3f6382aed3fb2065fc,6823469b436f44ab6db3154e,68774484dff1e9c4616e78df,688777c776bc0350acbf56f4,490480,205568,36014,0.175,684ab4dce856ee7729dde255,136,0.419,GEN
68bac639ff370da694e26530,6825c30edbda2b3debc751ff,685fd2f2267d3d01c364e647,68887d5a2c5282412771db51,68876e3f6382aed3fb2065fd,6823469b436f44ab6db3154e,68774484dff1e9c4616e78df,688777c776bc0350acbf56f5,442402,169213,15506,0.092,684ab4dce856ee7729dde255,137,0.382,GEN
68bac639ff370da694e26536,6825c30edbda2b3debc751ff,685fd2f2267d3d01c364e647,68887d5a2c5282412771db51,68876e3f6382aed3fb2065fe,6823469b436f44ab6db3154e,68774484dff1e9c4616e78df,688777c776bc0350acbf56f6,485752,209103,1762,0.008,684ab4dce856ee7729dde255,138,0.43,GEN
68bac639ff370da694e26539,6825c30edbda2b3debc751ff,685fd2f2267d3d01c364e647,68887d5a2c5282412771db51,68876e3f6382aed3fb2065ff,6823469b436f44ab6db3154e,68774484dff1e9c4616e78df,688777c776bc0350acbf56f7,461650,192049,30523,0.159,684ab4dce856ee7729dde255,139,0.416,SC
68bac639ff370da694e2653c,6825c30edbda2b3debc751ff,685fd2f2267d3d01c364e647,68887d5a2c5282412771db51,68876e3f6382aed3fb206600,6823469b436f44ab6db3154e,68774484dff1e9c4616e78df,688777c776bc0350acbf56f8,522996,213456,42823,0.201,684ab4dce856ee7729dde255,140,0.408,GEN
68bac639ff370da694e26542,6825c30edbda2b3debc751ff,685fd2e5267d3d01c364e63f,68887d5a2c5282412771db52,68876e3f6382aed3fb206601,6823469b436f44ab6db3154e,68774484dff1e9c4616e78df,688777c776bc0350acbf56f9,511366,203241,40779,0.201,684ab4dce856ee7729dde255,141,0.397,GEN
68bac639ff370da694e26545,6825c30edbda2b3debc751ff,685fd2e5267d3d01c364e63f,68887d5a2c5282412771db52,68876e3f6382aed3fb206602,6823469b436f44ab6db3154e,68774484dff1e9c4616e78df,688777c776bc0350acbf56fa,528500,205209,44273,0.216,684ab4dce856ee7729dde255,142,0.388,SC
68bac639ff370da694e26548,6825c30edbda2b3debc751ff,685fd2e5267d3d01c364e63f,68887d5a2c5282412771db52,68876e3f6382aed3fb206603,68316363fb08f1710d17d2d5,68774484dff1e9c4616e78df,688777c776bc0350acbf56fb,450142,184646,11454,0.062,684ab4dce856ee7729dde255,143,0.41,GEN
68bac639ff370da694e2654c,6825c30edbda2b3debc751ff,685fd2e5267d3d01c364e63f,68887d5a2c5282412771db52,68876e3f6382aed3fb206604,6823469b436f44ab6db3154e,68774484dff1e9c4616e78df,688777c776bc0350acbf56fc,452124,174927,26810,0.153,684ab4dce856ee7729dde255,144,0.387,GEN
68bac639ff370da694e26550,6825c30edbda2b3debc751ff,685fd2e5267d3d01c364e63f,68887d5a2c5282412771db52,68876e3f6382aed3fb206605,6823469b436f44ab6db3154e,68774484dff1e9c4616e78df,688777c776bc0350acbf56fd,424714,174154,27667,0.159,684ab4dce856ee7729dde255,145,0.41,GEN
68bac639ff370da694e26555,6825c30edbda2b3debc751ff,685fd2fe267d3d01c364e64f,68887d5a2c5282412771db45,68876e3f6382aed3fb206606,6823469b436f44ab6db3154e,68774484dff1e9c4616e78df,688777c776bc0350acbf56fe,469040,182305,26069,0.143,684ab4dce856ee7729dde255,146,0.389,SC
68bac639ff370da694e26559,6825c30edbda2b3debc751ff,685fd2fe267d3d01c364e64f,68887d5a2c5282412771db45,68876e3f6382aed3fb206607,6823469b436f44ab6db3154e,68774484dff1e9c4616e78df,688777c776bc0350acbf56ff,443506,177584,27682,0.156,684ab4dce856ee7729dde255,147,0.4,GEN
68bac639ff370da694e2655d,6825c30edbda2b3debc751ff,685fd2fe267d3d01c364e64f,68887d5a2c5282412771db45,68876e3f6382aed3fb206608,6823469b436f44ab6db3154e,68774484dff1e9c4616e78df,688777c776bc0350acbf5700,401172,161249,19264,0.119,684ab4dce856ee7729dde255,148,0.402,GEN
68bac639ff370da694e26562,6825c30edbda2b3debc751ff,685fd2e5267d3d01c364e63f,68887d5a2c5282412771db53,68876e3f6382aed3fb206609,6823469b436f44ab6db3154e,68774484dff1e9c4616e78df,688777c776bc0350acbf5701,496408,195524,25397,0.13,684ab4dce856ee7729dde255,149,0.394,SC
68bac639ff370da694e26564,6825c30edbda2b3debc751ff,685fd2e5267d3d01c364e63f,68887d5a2c5282412771db53,68876e3f6382aed3fb20660a,68316363fb08f1710d17d2d5,68774484dff1e9c4616e78df,688777c776bc0350acbf5702,491016,169717,26987,0.159,684ab4dce856ee7729dde255,150,0.346,GEN
68bac639ff370da694e26569,6825c30edbda2b3debc751ff,685fd2e5267d3d01c364e63f,68887d5a2c5282412771db53,68876e3f6382aed3fb20660b,6823469b436f44ab6db3154e,68774484dff1e9c4616e78df,688777c776bc0350acbf5703,698638,229579,24569,0.107,684ab4dce856ee7729dde255,151,0.329,GEN
68bac639ff370da694e2656c,6825c30edbda2b3debc751ff,685fd2e5267d3d01c364e63f,68887d5a2c5282412771db53,68876e3f6382aed3fb20660c,6823469b436f44ab6db3154e,68774484dff1e9c4616e78df,688777c776bc0350acbf5704,466360,140125,15833,0.113,684ab4dce856ee7729dde255,152,0.3,GEN
68bac639ff370da694e26571,6825c30edbda2b3debc751ff,685fd2e5267d3d01c364e63f,68887d5a2c5282412771db53,68876e3f6382aed3fb20660d,68316363fb08f1710d17d2d5,68774484dff1e9c4616e78df,688777c776bc0350acbf5705,494954,150475,15891,0.106,684ab4dce856ee7729dde255,153,0.304,GEN
68bac639ff370da694e26575,6825c30edbda2b3debc751ff,685fd2e5267d3d01c364e63f,68887d5a2c5282412771db53,68876e3f6382aed3fb20660e,6823469b436f44ab6db3154e,68774484dff1e9c4616e78df,688777c776bc0350acbf5706,787246,248557,106668,0.429,684ab4dce856ee7729dde255,154,0.316,GEN
68bac639ff370da694e2657a,6825c30edbda2b3debc751ff,685fd2e5267d3d01c364e63f,68887d5a2c5282412771db53,68876e3f6382aed3fb20660f,6823469b436f44ab6db3154e,68774484dff1e9c4616e78df,688777c776bc0350acbf5707,742212,261965,97910,0.374,684ab4dce856ee7729dde255,155,0.353,GEN
68bac639ff370da694e2657e,6825c30edbda2b3debc751ff,685fd2e5267d3d01c364e63f,68887d5a2c5282412771db52,68876e3f6382aed3fb206610,6823469b436f44ab6db3154e,68774484dff1e9c4616e78df,688777c776bc0350acbf5708,547798,231614,104974,0.453,684ab4dce856ee7729dde255,156,0.423,GEN
68bac639ff370da694e26580,6825c30edbda2b3debc751ff,685fd2cf267d3d01c364e637,68887d5a2c5282412771db55,68876e3f6382aed3fb206611,6823469b436f44ab6db3154e,68774484dff1e9c4616e78df,688777c776bc0350acbf5709,554984,233958,7903,0.034,684ab4dce856ee7729dde255,157,0.422,SC
68bac639ff370da694e26585,6825c30edbda2b3debc751ff,685fd2e5267d3d01c364e63f,68887d5a2c5282412771db52,68876e3f6382aed3fb206612,6823469b436f44ab6db3154e,68774484dff1e9c4616e78df,688777c776bc0350acbf570a,450308,194911,16346,0.084,684ab4dce856ee7729dde255,158,0.433,GEN
68bac639ff370da694e2658a,6825c30edbda2b3debc751ff,685fd2e5267d3d01c364e63f,68887d5a2c5282412771db53,68876e3f6382aed3fb206613,6823469b436f44ab6db3154e,68774484dff1e9c4616e78df,688777c776bc0350acbf570b,443266,180584,37851,0.21,684ab4dce856ee7729dde255,159,0.407,GEN
68bac639ff370da694e2658c,6825c30edbda2b3debc751ff,685fd2e5267d3d01c364e63f,68887d5a2c5282412771db54,68876e3f6382aed3fb206614,6823469b436f44ab6db3154e,68774484dff1e9c4616e78df,688777c776bc0350acbf570c,478642,199803,31915,0.16,684ab4dce856ee7729dde255,160,0.417,GEN
68bac639ff370da694e26591,6825c30edbda2b3debc751ff,685fd2e5267d3d01c364e63f,68887d5a2c5282412771db54,68876e3f6382aed3fb206615,6823469b436f44ab6db3154e,68774484dff1e9c4616e78df,688777c776bc0350acbf570d,482594,203513,36211,0.178,684ab4dce856ee7729dde255,161,0.422,GEN
68bac639ff370da694e26594,6825c30edbda2b3debc751ff,685fd2e5267d3d01c364e63f,68887d5a2c5282412771db54,68876e3f6382aed3fb206616,6823469b436f44ab6db3154e,68774484dff1e9c4616e78df,688777c776bc0350acbf570e,462728,192605,22539,0.117,684ab4dce856ee7729dde255,162,0.416,GEN
68bac639ff370da694e26598,6825c30edbda2b3debc751ff,685fd2e5267d3d01c364e63f,68887d5a2c5282412771db54,68876e3f6382aed3fb206617,6823469b436f44ab6db3154e,68774484dff1e9c4616e78df,688777c776bc0350acbf570f,464314,201375,13678,0.068,684ab4dce856ee7729dde255,163,0.434,GEN
68bac639ff370da694e2659c,6825c30edbda2b3debc751ff,685fd2e5267d3d01c364e63f,68887d5a2c5282412771db54,68876e3f6382aed3fb206618,6823469b436f44ab6db3154e,68774484dff1e9c4616e78df,688777c776bc0350acbf5710,412508,173823,23054,0.133,684ab4dce856ee7729dde255,164,0.421,SC
68bac639ff370da694e265a0,6825c30edbda2b3debc751ff,685fd2e5267d3d01c364e63f,68887d5a2c5282412771db54,68876e3f6382aed3fb206619,68316363fb08f1710d17d2d5,68774484dff1e9c4616e78df,688777c776bc0350acbf5711,470514,200833,12645,0.063,684ab4dce856ee7729dde255,165,0.427,GEN
68bac639ff370da694e265a4,6825c30edbda2b3debc751ff,685fd2cf267d3d01c364e637,68887d5a2c5282412771db55,68876e3f6382aed3fb20661a,6823469b436f44ab6db3154e,68774484dff1e9c4616e78df,688777c776bc0350acbf5712,467068,197082,13002,0.066,684ab4dce856ee7729dde255,166,0.422,SC
68bac639ff370da694e265a9,6825c30edbda2b3debc751ff,685fd2cf267d3d01c364e637,68887d5a2c5282412771db55,68876e3f6382aed3fb20661b,6823469b436f44ab6db3154e,68774484dff1e9c4616e78df,688777c776bc0350acbf5713,488333,207553,28,0,684ab4dce856ee7729dde255,167,0.425,GEN
68bac639ff370da694e265ad,6825c30edbda2b3debc751ff,685fd2cf267d3d01c364e637,68887d5a2c5282412771db55,68876e3f6382aed3fb20661c,6823469b436f44ab6db3154e,68774484dff1e9c4616e78df,688777c776bc0350acbf5714,435592,184031,13660,0.074,684ab4dce856ee7729dde255,168,0.422,GEN
68bac639ff370da694e265b0,6825c30edbda2b3debc751ff,685fd2cf267d3d01c364e637,68887d5a2c5282412771db55,68876e3f6382aed3fb20661d,6823469b436f44ab6db3154e,68774484dff1e9c4616e78df,688777c776bc0350acbf5715,454966,193886,11765,0.061,684ab4dce856ee7729dde255,169,0.426,GEN
68bac639ff370da694e265b4,6825c30edbda2b3debc751ff,685fd2cf267d3d01c364e637,68887d5a2c5282412771db55,68876e3f6382aed3fb20661e,6823469b436f44ab6db3154e,68774484dff1e9c4616e78df,688777c776bc0350acbf5716,468542,199575,25437,0.127,684ab4dce856ee7729dde255,170,0.426,SC
68bac639ff370da694e265b9,6825c30edbda2b3debc751ff,685fd2cf267d3d01c364e637,68887d5a2c5282412771db55,68876e3f6382aed3fb20661f,6823469b436f44ab6db3154e,68774484dff1e9c4616e78df,688777c776bc0350acbf5717,564058,210789,26956,0.128,684ab4dce856ee7729dde255,171,0.374,GEN
68bac639ff370da694e265bc,6825c30edbda2b3debc751ff,685fd2cf267d3d01c364e637,68887d5a2c5282412771db55,68876e3f6382aed3fb206620,6823469b436f44ab6db3154e,68774484dff1e9c4616e78df,688777c776bc0350acbf5718,415908,179023,4142,0.023,684ab4dce856ee7729dde255,172,0.43,GEN
68bac639ff370da694e265c2,6825c30edbda2b3debc751ff,685fd2e5267d3d01c364e63f,68887d5a2c5282412771db52,68876e3f6382aed3fb206621,6823469b436f44ab6db3154e,68774484dff1e9c4616e78df,688777c776bc0350acbf5719,471392,190435,12542,0.066,684ab4dce856ee7729dde255,173,0.404,GEN
68bac639ff370da694e265c4,6825c30edbda2b3debc751ff,685fd2c0267d3d01c364e62f,68887d5a2c5282412771db5b,68876e3f6382aed3fb206622,6823469b436f44ab6db3154e,68774484dff1e9c4616e78df,688777c776bc0350acbf571a,508348,207918,7779,0.037,684ab4dce856ee7729dde255,174,0.409,ST
68bac639ff370da694e265c9,6825c30edbda2b3debc751ff,685fd2c0267d3d01c364e62f,68887d5a2c5282412771db5b,68876e3f6382aed3fb206623,6823469b436f44ab6db3154e,68774484dff1e9c4616e78df,688777c776bc0350acbf571b,432524,167169,589,0.004,684ab4dce856ee7729dde255,175,0.386,GEN
68bac639ff370da694e265cd,6825c30edbda2b3debc751ff,685fd2f2267d3d01c364e647,68887d5a2c5282412771db5c,68876e3f6382aed3fb206624,6823469b436f44ab6db3154e,68774484dff1e9c4616e78df,688777c776bc0350acbf571c,454104,178323,59996,0.336,684ab4dce856ee7729dde255,176,0.393,ST
68bac639ff370da694e265d0,6825c30edbda2b3debc751ff,685fd2c0267d3d01c364e62f,68887d5a2c5282412771db5b,68876e3f6382aed3fb206625,6823469b436f44ab6db3154e,68774484dff1e9c4616e78df,688777c776bc0350acbf571d,544620,182399,38049,0.209,684ab4dce856ee7729dde255,177,0.335,SC
68bac639ff370da694e265d4,6825c30edbda2b3debc751ff,685fd2c0267d3d01c364e62f,68887d5a2c5282412771db5b,68876e3f6382aed3fb206626,6823469b436f44ab6db3154e,68774484dff1e9c4616e78df,688777c776bc0350acbf571e,564312,222562,28816,0.129,684ab4dce856ee7729dde255,178,0.394,ST
68bac639ff370da694e265d8,6825c30edbda2b3debc751ff,685fd2c0267d3d01c364e62f,68887d5a2c5282412771db5b,68876e3f6382aed3fb206627,6823469b436f44ab6db3154e,68774484dff1e9c4616e78df,688777c776bc0350acbf571f,525730,204427,44805,0.219,684ab4dce856ee7729dde255,179,0.389,ST
68bac639ff370da694e265dc,6825c30edbda2b3debc751ff,685fd2c0267d3d01c364e62f,68887d5a2c5282412771db5b,68876e3f6382aed3fb206628,6823469b436f44ab6db3154e,68774484dff1e9c4616e78df,688777c776bc0350acbf5720,640580,244259,31171,0.128,684ab4dce856ee7729dde255,180,0.381,GEN
68bac639ff370da694e265e0,6825c30edbda2b3debc751ff,685fd2c0267d3d01c364e62f,68887d5a2c5282412771db5b,68876e3f6382aed3fb206629,68316363fb08f1710d17d2d5,68774484dff1e9c4616e78df,688777c776bc0350acbf5721,497720,192277,603,0.003,684ab4dce856ee7729dde255,181,0.386,ST
68bac639ff370da694e265e5,6825c30edbda2b3debc751ff,685fd2c0267d3d01c364e62f,68887d5a2c5282412771db5b,68876e3f6382aed3fb20662a,6823469b436f44ab6db3154e,68774484dff1e9c4616e78df,688777c776bc0350acbf5722,464030,180642,5499,0.03,684ab4dce856ee7729dde255,182,0.389,GEN
68bac639ff370da694e265e8,6825c30edbda2b3debc751ff,685fd2c0267d3d01c364e62f,68887d5a2c5282412771db5a,68876e3f6382aed3fb20662b,6823469b436f44ab6db3154e,68774484dff1e9c4616e78df,688777c776bc0350acbf5723,453620,186172,5919,0.032,684ab4dce856ee7729dde255,183,0.41,SC
68bac639ff370da694e265ee,6825c30edbda2b3debc751ff,685fd2c0267d3d01c364e62f,68887d5a2c5282412771db5a,68876e3f6382aed3fb20662c,68316363fb08f1710d17d2d5,68774484dff1e9c4616e78df,688777c776bc0350acbf5724,476316,203158,5672,0.028,684ab4dce856ee7729dde255,184,0.427,GEN
68bac639ff370da694e265f0,6825c30edbda2b3debc751ff,685fd2c0267d3d01c364e62f,68887d5a2c5282412771db5a,68876e3f6382aed3fb20662d,6823469b436f44ab6db3154e,68774484dff1e9c4616e78df,688777c776bc0350acbf5725,485718,195521,13765,0.07,684ab4dce856ee7729dde255,185,0.403,GEN
68bac639ff370da694e265f5,6825c30edbda2b3debc751ff,685fd2c0267d3d01c364e62f,68887d5a2c5282412771db5a,68876e3f6382aed3fb20662e,68316363fb08f1710d17d2d5,68774484dff1e9c4616e78df,688777c776bc0350acbf5726,505386,196085,12167,0.062,684ab4dce856ee7729dde255,186,0.388,ST
68bac639ff370da694e265f8,6825c30edbda2b3debc751ff,685fd2c0267d3d01c364e62f,68887d5a2c5282412771db5a,68876e3f6382aed3fb20662f,68316363fb08f1710d17d2d5,68774484dff1e9c4616e78df,688777c776bc0350acbf5727,568824,214750,1677,0.008,684ab4dce856ee7729dde255,187,0.378,ST
68bac639ff370da694e265fe,6825c30edbda2b3debc751ff,685fd2c0267d3d01c364e62f,68887d5a2c5282412771db5a,68876e3f6382aed3fb206630,68316363fb08f1710d17d2d5,68774484dff1e9c4616e78df,688777c776bc0350acbf5728,505578,208423,890,0.004,684ab4dce856ee7729dde255,188,0.412,ST
68bac639ff370da694e26600,6825c30edbda2b3debc751ff,685fd2c0267d3d01c364e62f,68887d5a2c5282412771db5a,68876e3f6382aed3fb206631,6823469b436f44ab6db3154e,68774484dff1e9c4616e78df,688777c776bc0350acbf5729,513572,196279,13442,0.068,684ab4dce856ee7729dde255,189,0.382,ST
68bac639ff370da694e26604,6825c30edbda2b3debc751ff,685fd2c0267d3d01c364e62f,68887d5a2c5282412771db5a,68876e3f6382aed3fb206632,68316363fb08f1710d17d2d5,68774484dff1e9c4616e78df,688777c776bc0350acbf572a,550646,197554,11172,0.057,684ab4dce856ee7729dde255,190,0.359,ST
68bac639ff370da694e26608,6825c30edbda2b3debc751ff,685fd2cf267d3d01c364e637,68887d5a2c5282412771db58,68876e3f6382aed3fb206633,6823469b436f44ab6db3154e,68774484dff1e9c4616e78df,688777c776bc0350acbf572b,529762,183852,3723,0.02,684ab4dce856ee7729dde255,191,0.347,ST
68bac639ff370da694e2660c,6825c30edbda2b3debc751ff,685fd2cf267d3d01c364e637,68887d5a2c5282412771db58,68876e3f6382aed3fb206634,68316363fb08f1710d17d2d5,68774484dff1e9c4616e78df,688777c776bc0350acbf572c,602870,161217,38757,0.24,684ab4dce856ee7729dde255,192,0.267,ST
68bac639ff370da694e26610,6825c30edbda2b3debc751ff,685fd2cf267d3d01c364e637,68887d5a2c5282412771db58,68876e3f6382aed3fb206635,68316363fb08f1710d17d2d5,68774484dff1e9c4616e78df,688777c776bc0350acbf572d,624636,203233,15693,0.077,684ab4dce856ee7729dde255,193,0.325,ST
68bac639ff370da694e26614,6825c30edbda2b3debc751ff,685fd2cf267d3d01c364e637,68887d5a2c5282412771db58,68876e3f6382aed3fb206636,68316363fb08f1710d17d2d5,68774484dff1e9c4616e78df,688777c776bc0350acbf572e,529142,228360,1340,0.006,684ab4dce856ee7729dde255,194,0.432,ST
68bac639ff370da694e26618,6825c30edbda2b3debc751ff,685fd2cf267d3d01c364e637,68887d5a2c5282412771db58,68876e3f6382aed3fb206637,6823469b436f44ab6db3154e,68774484dff1e9c4616e78df,688777c776bc0350acbf572f,575324,226500,5647,0.025,684ab4dce856ee7729dde255,195,0.394,ST
68bac639ff370da694e2661d,6825c30edbda2b3debc751ff,685fd2c0267d3d01c364e62f,687a021993d4235d02ea1d05,68876e3f6382aed3fb206638,68316363fb08f1710d17d2d5,68774484dff1e9c4616e78df,688777c776bc0350acbf5730,451210,172382,4128,0.024,684ab4dce856ee7729dde255,196,0.382,ST
68bac639ff370da694e26622,6825c30edbda2b3debc751ff,685fd2c0267d3d01c364e62f,687a021993d4235d02ea1d05,687a036493d4235d02ea1d11,68316363fb08f1710d17d2d5,68774484dff1e9c4616e78df,687b54c5e2896790bbf59b4d,494326,180182,22119,0.123,684ab4dce856ee7729dde255,197,0.365,ST
68bac639ff370da694e26624,6825c30edbda2b3debc751ff,685fd2c0267d3d01c364e62f,687a021993d4235d02ea1d05,68876e3f6382aed3fb206639,68316363fb08f1710d17d2d5,68774484dff1e9c4616e78df,688777c776bc0350acbf5731,493152,184795,49888,0.27,684ab4dce856ee7729dde255,198,0.375,ST
68bac639ff370da694e26629,6825c30edbda2b3debc751ff,685fd2c0267d3d01c364e62f,687a021993d4235d02ea1d05,68876e3f6382aed3fb20663a,68316363fb08f1710d17d2d5,68774484dff1e9c4616e78df,688777c776bc0350acbf5732,484128,186670,708,0.004,684ab4dce856ee7729dde255,199,0.386,ST
68bac639ff370da694e2662d,6825c30edbda2b3debc751ff,685fd2c0267d3d01c364e62f,687a021993d4235d02ea1d05,68876e3f6382aed3fb20663b,6823469b436f44ab6db3154e,68774484dff1e9c4616e78df,688777c776bc0350acbf5733,437898,173854,356,0.002,684ab4dce856ee7729dde255,200,0.397,ST
68bac639ff370da694e26632,6825c30edbda2b3debc751ff,685fd2c0267d3d01c364e62f,687a021993d4235d02ea1d05,68876e3f6382aed3fb20663c,6823469b436f44ab6db3154e,68774484dff1e9c4616e78df,688777c776bc0350acbf5734,515758,203835,9694,0.048,684ab4dce856ee7729dde255,201,0.395,GEN
68bac639ff370da694e26634,6825c30edbda2b3debc751ff,685fd2c0267d3d01c364e62f,687a021993d4235d02ea1d05,68876e3f6382aed3fb20663d,68316363fb08f1710d17d2d5,68774484dff1e9c4616e78df,688777c776bc0350acbf5735,440578,186877,2976,0.016,684ab4dce856ee7729dde255,202,0.424,GEN
68bac639ff370da694e26638,6825c30edbda2b3debc751ff,685fd2c0267d3d01c364e62f,68887d5a2c5282412771db59,68876e3f6382aed3fb20663e,6823469b436f44ab6db3154e,68774484dff1e9c4616e78df,688777c776bc0350acbf5736,533510,220402,13698,0.062,684ab4dce856ee7729dde255,203,0.413,GEN
68bac639ff370da694e2663c,6825c30edbda2b3debc751ff,685fd2c0267d3d01c364e62f,68887d5a2c5282412771db59,68876e3f6382aed3fb20663f,6823469b436f44ab6db3154e,68774484dff1e9c4616e78df,688777c776bc0350acbf5737,727868,263594,57939,0.22,684ab4dce856ee7729dde255,204,0.362,GEN
68bac639ff370da694e26642,6825c30edbda2b3debc751ff,685fd2c0267d3d01c364e62f,68887d5a2c5282412771db59,68876e3f6382aed3fb206640,6823469b436f44ab6db3154e,68774484dff1e9c4616e78df,688777c776bc0350acbf5738,695295,234058,107047,0.457,684ab4dce856ee7729dde255,205,0.337,GEN
68bac639ff370da694e26644,6825c30edbda2b3debc751ff,685fd2c0267d3d01c364e62f,68887d5a2c5282412771db59,68876e3f6382aed3fb206641,6823469b436f44ab6db3154e,68774484dff1e9c4616e78df,688777c776bc0350acbf5739,374355,133555,14757,0.11,684ab4dce856ee7729dde255,206,0.357,GEN
68bac639ff370da694e26648,6825c30edbda2b3debc751ff,685fd2c0267d3d01c364e62f,68887d5a2c5282412771db59,68876e3f6382aed3fb206642,6823469b436f44ab6db3154e,68774484dff1e9c4616e78df,688777c776bc0350acbf573a,479264,172597,69837,0.405,684ab4dce856ee7729dde255,207,0.36,GEN
68bac639ff370da694e2664e,6825c30edbda2b3debc751ff,685fd2c0267d3d01c364e62f,68887d5a2c5282412771db59,68876e3f6382aed3fb206643,6823469b436f44ab6db3154e,68774484dff1e9c4616e78df,688777c776bc0350acbf573b,824088,279879,15671,0.056,684ab4dce856ee7729dde255,208,0.34,GEN
68bac639ff370da694e26651,6825c30edbda2b3debc751ff,685fd2c0267d3d01c364e62f,687a021993d4235d02ea1d05,68876e3f6382aed3fb206644,6823469b436f44ab6db3154e,68774484dff1e9c4616e78df,688777c776bc0350acbf573c,561445,217114,34392,0.158,684ab4dce856ee7729dde255,209,0.387,GEN
68bac639ff370da694e26654,6825c30edbda2b3debc751ff,685fd2c0267d3d01c364e62f,68887d5a2c5282412771db59,68876e3f6382aed3fb206645,6823469b436f44ab6db3154e,68774484dff1e9c4616e78df,688777c776bc0350acbf573d,713508,271553,35522,0.131,684ab4dce856ee7729dde255,210,0.381,GEN
68bac639ff370da694e26659,6825c30edbda2b3debc751ff,685fd2c0267d3d01c364e62f,68887d5a2c5282412771db59,68876e3f6382aed3fb206646,6823469b436f44ab6db3154e,68774484dff1e9c4616e78df,688777c776bc0350acbf573e,604928,242691,68854,0.284,684ab4dce856ee7729dde255,211,0.401,SC
68bac639ff370da694e2665c,6825c30edbda2b3debc751ff,685fd2cf267d3d01c364e637,68887d5a2c5282412771db56,68876e3f6382aed3fb206647,6823469b436f44ab6db3154e,68774484dff1e9c4616e78df,688777c776bc0350acbf573f,441860,178165,15927,0.089,684ab4dce856ee7729dde255,212,0.403,GEN
68bac639ff370da694e26660,6825c30edbda2b3debc751ff,685fd2cf267d3d01c364e637,68887d5a2c5282412771db56,68876e3f6382aed3fb206648,68316363fb08f1710d17d2d5,68774484dff1e9c4616e78df,688777c776bc0350acbf5740,430368,175815,290,0.002,684ab4dce856ee7729dde255,213,0.409,GEN
68bac639ff370da694e26665,6825c30edbda2b3debc751ff,685fd2cf267d3d01c364e637,68887d5a2c5282412771db56,68876e3f6382aed3fb206649,68316363fb08f1710d17d2d5,68774484dff1e9c4616e78df,688777c776bc0350acbf5741,375364,153040,2183,0.014,684ab4dce856ee7729dde255,214,0.408,SC
68bac639ff370da694e26669,6825c30edbda2b3debc751ff,685fd2cf267d3d01c364e637,68887d5a2c5282412771db56,68876e3f6382aed3fb20664a,6823469b436f44ab6db3154e,68774484dff1e9c4616e78df,688777c776bc0350acbf5742,445408,182841,17666,0.097,684ab4dce856ee7729dde255,215,0.411,SC
68bac639ff370da694e2666c,6825c30edbda2b3debc751ff,685fd2cf267d3d01c364e637,68887d5a2c5282412771db56,68876e3f6382aed3fb20664b,6823469b436f44ab6db3154e,68774484dff1e9c4616e78df,688777c776bc0350acbf5743,454140,160877,27513,0.171,684ab4dce856ee7729dde255,216,0.354,GEN
68bac639ff370da694e26671,6825c30edbda2b3debc751ff,685fd2cf267d3d01c364e637,68887d5a2c5282412771db56,68876e3f6382aed3fb20664c,6823469b436f44ab6db3154e,68774484dff1e9c4616e78df,688777c776bc0350acbf5744,514434,181640,12941,0.071,684ab4dce856ee7729dde255,217,0.353,GEN
68bac639ff370da694e26674,6825c30edbda2b3debc751ff,685fd2cf267d3d01c364e637,68887d5a2c5282412771db56,68876e3f6382aed3fb20664d,6823469b436f44ab6db3154e,68774484dff1e9c4616e78df,688777c776bc0350acbf5745,407370,170280,36693,0.215,684ab4dce856ee7729dde255,218,0.418,GEN
68bac639ff370da694e26678,6825c30edbda2b3debc751ff,685fd2cf267d3d01c364e637,68887d5a2c5282412771db58,68876e3f6382aed3fb20664e,6823469b436f44ab6db3154e,68774484dff1e9c4616e78df,688777c776bc0350acbf5746,426594,182567,34324,0.188,684ab4dce856ee7729dde255,219,0.428,ST
68bac639ff370da694e2667c,6825c30edbda2b3debc751ff,685fd2cf267d3d01c364e637,68887d5a2c5282412771db58,68876e3f6382aed3fb20664f,6823469b436f44ab6db3154e,68774484dff1e9c4616e78df,688777c776bc0350acbf5747,432956,160292,60708,0.379,684ab4dce856ee7729dde255,220,0.37,GEN
68bac639ff370da694e26680,6825c30edbda2b3debc751ff,685fd2cf267d3d01c364e637,68887d5a2c5282412771db58,68876e3f6382aed3fb206650,687f8cb9c8cdc141419e7946,68774484dff1e9c4616e78df,688777c776bc0350acbf5748,420272,188070,4618,0.025,684ab4dce856ee7729dde255,221,0.447,ST
68bac639ff370da694e26685,6825c30edbda2b3debc751ff,685fd2cf267d3d01c364e637,68887d5a2c5282412771db57,68876e3f6382aed3fb206651,6823469b436f44ab6db3154e,68774484dff1e9c4616e78df,688777c776bc0350acbf5749,475282,203906,26021,0.128,684ab4dce856ee7729dde255,222,0.429,GEN
68bac639ff370da694e26688,6825c30edbda2b3debc751ff,685fd2cf267d3d01c364e637,68887d5a2c5282412771db56,68876e3f6382aed3fb206652,6823469b436f44ab6db3154e,68774484dff1e9c4616e78df,688777c776bc0350acbf574a,444368,183974,68884,0.374,684ab4dce856ee7729dde255,223,0.414,SC
68bac639ff370da694e2668c,6825c30edbda2b3debc751ff,685fd2cf267d3d01c364e637,68887d5a2c5282412771db57,68876e3f6382aed3fb206653,68316363fb08f1710d17d2d5,68774484dff1e9c4616e78df,688777c776bc0350acbf574b,520778,211516,2049,0.01,684ab4dce856ee7729dde255,224,0.406,GEN
68bac639ff370da694e26690,6825c30edbda2b3debc751ff,685fd2cf267d3d01c364e637,68887d5a2c5282412771db57,68876e3f6382aed3fb206654,6823469b436f44ab6db3154e,68774484dff1e9c4616e78df,688777c776bc0350acbf574c,491370,211364,59024,0.279,684ab4dce856ee7729dde255,225,0.43,SC
68bac639ff370da694e26694,6825c30edbda2b3debc751ff,685fd2cf267d3d01c364e637,68887d5a2c5282412771db57,68876e3f6382aed3fb206655,6823469b436f44ab6db3154e,68774484dff1e9c4616e78df,688777c776bc0350acbf574d,556278,232437,22669,0.098,684ab4dce856ee7729dde255,226,0.418,GEN
68bac639ff370da694e26698,6825c30edbda2b3debc751ff,685fd2cf267d3d01c364e637,68887d5a2c5282412771db57,68876e3f6382aed3fb206656,6823469b436f44ab6db3154e,68774484dff1e9c4616e78df,688777c776bc0350acbf574e,500528,203709,18107,0.089,684ab4dce856ee7729dde255,227,0.407,GEN
68bac639ff370da694e2669c,6825c30edbda2b3debc751ff,685fd2cf267d3d01c364e637,68887d5a2c5282412771db57,68876e3f6382aed3fb206657,6823469b436f44ab6db3154e,68774484dff1e9c4616e78df,688777c776bc0350acbf574f,400212,166832,18987,0.114,684ab4dce856ee7729dde255,228,0.417,GEN
68bac639ff370da694e266a2,6825c30edbda2b3debc751ff,685fd2cf267d3d01c364e637,68887d5a2c5282412771db57,68876e3f6382aed3fb206658,6823469b436f44ab6db3154e,68774484dff1e9c4616e78df,688777c776bc0350acbf5750,458112,187306,26283,0.14,684ab4dce856ee7729dde255,229,0.409,GEN
68bac639ff370da694e266a4,6825c30edbda2b3debc751ff,685fd2cf267d3d01c364e637,68887d5a2c5282412771db57,68876e3f6382aed3fb206659,6823469b436f44ab6db3154e,68774484dff1e9c4616e78df,688777c776bc0350acbf5751,363344,157796,2364,0.015,684ab4dce856ee7729dde255,230,0.434,GEN
